{"version":"1.1","timestamp":"1646306466","station":"Namur","stationinfo":{"locationX":"4.86222","locationY":"50.468794","id":"BE.NMBS.008863008","name":"Namur","@id":"http:\/\/irail.be\/stations\/NMBS\/008863008","standardname":"Namur"},"departures":{"number":"50","departure":[{"id":"0","delay":"0","station":"Ciney","stationinfo":{"locationX":"5.091409","locationY":"50.29105","id":"BE.NMBS.008864501","name":"Ciney","@id":"http:\/\/irail.be\/stations\/NMBS\/008864501","standardname":"Ciney"},"time":"1646306640","vehicle":"BE.NMBS.L5762","vehicleinfo":{"name":"BE.NMBS.L5762","shortname":"L5762","number":"5762","type":"L","@id":"http:\/\/irail.be\/vehicle\/L5762"},"platform":"8","platforminfo":{"name":"8","normal":"1"},"canceled":"0","left":"0","isExtra":"0","departureConnection":"http:\/\/irail.be\/connections\/8863008\/20220303\/L5762","occupancy":{"name":"unknown","@id":"http:\/\/api.irail.be\/terms\/unknown"}},{"id":"1","delay":"0","station":"Liège-Guillemins","stationinfo":{"locationX":"5.566695","locationY":"50.62455","id":"BE.NMBS.008841004","name":"Li\u00e8ge-Guillemins","@id":"http:\/\/irail.be\/stations\/NMBS\/008841004","standardname":"Li\u00e8ge-Guillemins"},"time":"1646306820","vehicle":"BE.NMBS.L4962","vehicleinfo":{"name":"BE.NMBS.L4962","shortname":"L4962","number":"4962","type":"L","@id":"http:\/\/irail.be\/vehicle\/L4962"},"platform":"6","platforminfo":{"name":"6","normal":"1"},"canceled":"0","left":"0","isExtra":"0","departureConnection":"http:\/\/irail.be\/connections\/8863008\/20220303\/L4962","occupancy":{"name":"unknown","@id":"http:\/\/api.irail.be\/terms\/unknown"}},{"id":"2","delay":"0","station":"Dinant","stationinfo":{"locationX":"4.908182","locationY":"50.260721","id":"BE.NMBS.008863503","name":"Dinant","@id":"http:\/\/irail.be\/stations\/NMBS\/008863503","standardname":"Dinant"},"time":"1646307060","vehicle":"BE.NMBS.IC2511","vehicleinfo":{"name":"BE.NMBS.IC2511","shortname":"IC2511","number":"2511","type":"IC","@id":"http:\/\/irail.be\/vehicle\/IC2511"},"platform":"7","platforminfo":{"name":"7","normal":"1"},"canceled":"0","left":"0","isExtra":"0","departureConnection":"http:\/\/irail.be\/connections\/8863008\/20220303\/IC2511","occupancy":{"name":"unknown","@id":"http:\/\/api.irail.be\/terms\/unknown"}},{"id":"3","delay":"0","station":"Brussels Airport - Zaventem","stationinfo":{"locationX":"4.482076","locationY":"50.896456","id":"BE.NMBS.008819406","name":"Brussels Airport - Zaventem","@id":"http:\/\/irail.be\/stations\/NMBS\/008819406","standardname":"Brussels Airport - Zaventem"},"time":"1646307180","vehicle":"BE.NMBS.IC2533","vehicleinfo":{"name":"BE.NMBS.IC2533","shortname":"IC2533","number":"2533","type":"IC","@id":"http:\/\/irail.be\/vehicle\/IC2533"},"platform":"5","platforminfo":{"name":"5","normal":"1"},"canceled":"0","left":"0","isExtra":"0","departureConnection":"http:\/\/irail.be\/connections\/8863008\/20220303\/IC2533","occupancy":{"name":"unknown","@id":"http:\/\/api.irail.be\/terms\/unknown"}},{"id":"4","delay":"0","station":"Tournai","stationinfo":{"locationX":"3.396942","locationY":"50.613134","id":"BE.NMBS.008885001","name":"Tournai","@id":"http:\/\/irail.be\/stations\/NMBS\/008885001","standardname":"Tournai"},"time":"1646307540","vehicle":"BE.NMBS.IC934","vehicleinfo":{"name":"BE.NMBS.IC934","shortname":"IC934","number":"934","type":"IC","@id":"http:\/\/irail.be\/vehicle\/IC934"},"platform":"4","platforminfo":{"name":"4","normal":"1"},"canceled":"0","left":"0","isExtra":"0","departureConnection":"http:\/\/irail.be\/connections\/8863008\/20220303\/IC934","occupancy":{"name":"unknown","@id":"http:\/\/api.irail.be\/terms\/unknown"}},{"id":"5","delay":"0","station":"Brussels-South/Brussels-Midi","stationinfo":{"locationX":"4.336531","locationY":"50.835707","id":"BE.NMBS.008814001","name":"Brussels-South\/Brussels-Midi","@id":"http:\/\/irail.be\/stations\/NMBS\/008814001","standardname":"Brussel-Zuid\/Bruxelles-Midi"},"time":"1646307900","vehicle":"BE.NMBS.IC2433","vehicleinfo":{"name":"BE.NMBS.IC2433","shortname":"IC2433","number":"2433","type":"IC","@id":"http:\/\/irail.be\/vehicle\/IC2433"},"platform":"11","platforminfo":{"name":"11","normal":"1"},"canceled":"0","left":"0","isExtra":"0","departureConnection":"http:\/\/irail.be\/connections\/8863008\/20220303\/IC2433","occupancy":{"name":"unknown","@id":"http:\/\/api.irail.be\/terms\/unknown"}},{"id":"6","delay":"0","station":"Lëtzebuerg","stationinfo":{"locationX":"6.133331","locationY":"49.599996","id":"BE.NMBS.008200100","name":"L\u00ebtzebuerg","@id":"http:\/\/irail.be\/stations\/NMBS\/008200100","standardname":"L\u00ebtzebuerg"},"time":"1646308020","vehicle":"BE.NMBS.IC2111","vehicleinfo":{"name":"BE.NMBS.IC2111","shortname":"IC2111","number":"2111","type":"IC","@id":"http:\/\/irail.be\/vehicle\/IC2111"},"platform":"10","platforminfo":{"name":"10","normal":"1"},"canceled":"0","left":"0","isExtra":"0","departureConnection":"http:\/\/irail.be\/connections\/8863008\/20220303\/IC2111","occupancy":{"name":"unknown","@id":"http:\/\/api.irail.be\/terms\/unknown"}},{"id":"7","delay":"0","station":"Ottignies","stationinfo":{"locationX":"4.56936","locationY":"50.673667","id":"BE.NMBS.008811601","name":"Ottignies","@id":"http:\/\/irail.be\/stations\/NMBS\/008811601","standardname":"Ottignies"},"time":"1646308260","vehicle":"BE.NMBS.S614584","vehicleinfo":{"name":"BE.NMBS.S614584","shortname":"S614584","number":"4584","type":"S61","@id":"http:\/\/irail.be\/vehicle\/S614584"},"platform":"5","platforminfo":{"name":"5","normal":"1"},"canceled":"0","left":"0","isExtra":"0","departureConnection":"http:\/\/irail.be\/connections\/8863008\/20220303\/S614584","occupancy":{"name":"unknown","@id":"http:\/\/api.irail.be\/terms\/unknown"}},{"id":"8","delay":"0","station":"Herstal","stationinfo":{"locationX":"5.622761","locationY":"50.660911","id":"BE.NMBS.008841608","name":"Herstal","@id":"http:\/\/irail.be\/stations\/NMBS\/008841608","standardname":"Herstal"},"time":"1646308320","vehicle":"BE.NMBS.IC3811","vehicleinfo":{"name":"BE.NMBS.IC3811","shortname":"IC3811","number":"3811","type":"IC","@id":"http:\/\/irail.be\/vehicle\/IC3811"},"platform":"4","platforminfo":{"name":"4","normal":"1"},"canceled":"0","left":"0","isExtra":"0","departureConnection":"http:\/\/irail.be\/connections\/8863008\/20220303\/IC3811","occupancy":{"name":"unknown","@id":"http:\/\/api.irail.be\/terms\/unknown"}},{"id":"9","delay":"0","station":"Libramont","stationinfo":{"locationX":"5.37927","locationY":"49.920434","id":"BE.NMBS.008865003","name":"Libramont","@id":"http:\/\/irail.be\/stations\/NMBS\/008865003","standardname":"Libramont"},"time":"1646308500","vehicle":"BE.NMBS.L6062","vehicleinfo":{"name":"BE.NMBS.L6062","shortname":"L6062","number":"6062","type":"L","@id":"http:\/\/irail.be\/vehicle\/L6062"},"platform":"6","platforminfo":{"name":"6","normal":"1"},"canceled":"0","left":"0","isExtra":"0","departureConnection":"http:\/\/irail.be\/connections\/8863008\/20220303\/L6062","occupancy":{"name":"unknown","@id":"http:\/\/api.irail.be\/terms\/unknown"}},{"id":"10","delay":"0","station":"Ottignies","stationinfo":{"locationX":"4.56936","locationY":"50.673667","id":"BE.NMBS.008811601","name":"Ottignies","@id":"http:\/\/irail.be\/stations\/NMBS\/008811601","standardname":"Ottignies"},"time":"1646309100","vehicle":"BE.NMBS.L6283","vehicleinfo":{"name":"BE.NMBS.L6283","shortname":"L6283","number":"6283","type":"L","@id":"http:\/\/irail.be\/vehicle\/L6283"},"platform":"9","platforminfo":{"name":"9","normal":"1"},"canceled":"0","left":"0","isExtra":"0","departureConnection":"http:\/\/irail.be\/connections\/8863008\/20220303\/L6283","occupancy":{"name":"unknown","@id":"http:\/\/api.irail.be\/terms\/unknown"}},{"id":"11","delay":"0","station":"Mons","stationinfo":{"locationX":"3.942542","locationY":"50.453854","id":"BE.NMBS.008881000","name":"Mons","@id":"http:\/\/irail.be\/stations\/NMBS\/008881000","standardname":"Mons"},"time":"1646309520","vehicle":"BE.NMBS.IC3834","vehicleinfo":{"name":"BE.NMBS.IC3834","shortname":"IC3834","number":"3834","type":"IC","@id":"http:\/\/irail.be\/vehicle\/IC3834"},"platform":"3","platforminfo":{"name":"3","normal":"1"},"canceled":"0","left":"0","isExtra":"0","departureConnection":"http:\/\/irail.be\/connections\/8863008\/20220303\/IC3834","occupancy":{"name":"unknown","@id":"http:\/\/api.irail.be\/terms\/unknown"}},{"id":"12","delay":"0","station":"Jambes","stationinfo":{"locationX":"4.876144","locationY":"50.454843","id":"BE.NMBS.008863115","name":"Jambes","@id":"http:\/\/irail.be\/stations\/NMBS\/008863115","standardname":"Jambes"},"time":"1646309640","vehicle":"BE.NMBS.S614561","vehicleinfo":{"name":"BE.NMBS.S614561","shortname":"S614561","number":"4561","type":"S61","@id":"http:\/\/irail.be\/vehicle\/S614561"},"platform":"6","platforminfo":{"name":"6","normal":"1"},"canceled":"0","left":"0","isExtra":"0","departureConnection":"http:\/\/irail.be\/connections\/8863008\/20220303\/S614561","occupancy":{"name":"unknown","@id":"http:\/\/api.irail.be\/terms\/unknown"}},{"id":"13","delay":"0","station":"Brussels-South/Brussels-Midi","stationinfo":{"locationX":"4.336531","locationY":"50.835707","id":"BE.NMBS.008814001","name":"Brussels-South\/Brussels-Midi","@id":"http:\/\/irail.be\/stations\/NMBS\/008814001","standardname":"Brussel-Zuid\/Bruxelles-Midi"},"time":"1646309880","vehicle":"BE.NMBS.IC2134","vehicleinfo":{"name":"BE.NMBS.IC2134","shortname":"IC2134","number":"2134","type":"IC","@id":"http:\/\/irail.be\/vehicle\/IC2134"},"platform":"9","platforminfo":{"name":"9","normal":"1"},"canceled":"0","left":"0","isExtra":"0","departureConnection":"http:\/\/irail.be\/connections\/8863008\/20220303\/IC2134","occupancy":{"name":"unknown","@id":"http:\/\/api.irail.be\/terms\/unknown"}},{"id":"14","delay":"0","station":"Liège-Saint-Lambert","stationinfo":{"locationX":"5.570453","locationY":"50.646349","id":"BE.NMBS.008841525","name":"Li\u00e8ge-Saint-Lambert","@id":"http:\/\/irail.be\/stations\/NMBS\/008841525","standardname":"Li\u00e8ge-Saint-Lambert"},"time":"1646309880","vehicle":"BE.NMBS.IC2412","vehicleinfo":{"name":"BE.NMBS.IC2412","shortname":"IC2412","number":"2412","type":"IC","@id":"http:\/\/irail.be\/vehicle\/IC2412"},"platform":"11","platforminfo":{"name":"11","normal":"1"},"canceled":"0","left":"0","isExtra":"0","departureConnection":"http:\/\/irail.be\/connections\/8863008\/20220303\/IC2412","occupancy":{"name":"unknown","@id":"http:\/\/api.irail.be\/terms\/unknown"}},{"id":"15","delay":"0","station":"Ciney","stationinfo":{"locationX":"5.091409","locationY":"50.29105","id":"BE.NMBS.008864501","name":"Ciney","@id":"http:\/\/irail.be\/stations\/NMBS\/008864501","standardname":"Ciney"},"time":"1646310240","vehicle":"BE.NMBS.L5763","vehicleinfo":{"name":"BE.NMBS.L5763","shortname":"L5763","number":"5763","type":"L","@id":"http:\/\/irail.be\/vehicle\/L5763"},"platform":"8","platforminfo":{"name":"8","normal":"1"},"canceled":"0","left":"0","isExtra":"0","departureConnection":"http:\/\/irail.be\/connections\/8863008\/20220303\/L5763","occupancy":{"name":"unknown","@id":"http:\/\/api.irail.be\/terms\/unknown"}},{"id":"16","delay":"0","station":"Liège-Guillemins","stationinfo":{"locationX":"5.566695","locationY":"50.62455","id":"BE.NMBS.008841004","name":"Li\u00e8ge-Guillemins","@id":"http:\/\/irail.be\/stations\/NMBS\/008841004","standardname":"Li\u00e8ge-Guillemins"},"time":"1646310420","vehicle":"BE.NMBS.L4963","vehicleinfo":{"name":"BE.NMBS.L4963","shortname":"L4963","number":"4963","type":"L","@id":"http:\/\/irail.be\/vehicle\/L4963"},"platform":"4","platforminfo":{"name":"4","normal":"1"},"canceled":"0","left":"0","isExtra":"0","departureConnection":"http:\/\/irail.be\/connections\/8863008\/20220303\/L4963","occupancy":{"name":"unknown","@id":"http:\/\/api.irail.be\/terms\/unknown"}},{"id":"17","delay":"0","station":"Dinant","stationinfo":{"locationX":"4.908182","locationY":"50.260721","id":"BE.NMBS.008863503","name":"Dinant","@id":"http:\/\/irail.be\/stations\/NMBS\/008863503","standardname":"Dinant"},"time":"1646310660","vehicle":"BE.NMBS.IC2512","vehicleinfo":{"name":"BE.NMBS.IC2512","shortname":"IC2512","number":"2512","type":"IC","@id":"http:\/\/irail.be\/vehicle\/IC2512"},"platform":"6","platforminfo":{"name":"6","normal":"1"},"canceled":"0","left":"0","isExtra":"0","departureConnection":"http:\/\/irail.be\/connections\/8863008\/20220303\/IC2512","occupancy":{"name":"unknown","@id":"http:\/\/api.irail.be\/terms\/unknown"}},{"id":"18","delay":"0","station":"Brussels Airport - Zaventem","stationinfo":{"locationX":"4.482076","locationY":"50.896456","id":"BE.NMBS.008819406","name":"Brussels Airport - Zaventem","@id":"http:\/\/irail.be\/stations\/NMBS\/008819406","standardname":"Brussels Airport - Zaventem"},"time":"1646310780","vehicle":"BE.NMBS.IC2534","vehicleinfo":{"name":"BE.NMBS.IC2534","shortname":"IC2534","number":"2534","type":"IC","@id":"http:\/\/irail.be\/vehicle\/IC2534"},"platform":"5","platforminfo":{"name":"5","normal":"1"},"canceled":"0","left":"0","isExtra":"0","departureConnection":"http:\/\/irail.be\/connections\/8863008\/20220303\/IC2534","occupancy":{"name":"unknown","@id":"http:\/\/api.irail.be\/terms\/unknown"}},{"id":"19","delay":"0","station":"Tournai","stationinfo":{"locationX":"3.396942","locationY":"50.613134","id":"BE.NMBS.008885001","name":"Tournai","@id":"http:\/\/irail.be\/stations\/NMBS\/008885001","standardname":"Tournai"},"time":"1646311140","vehicle":"BE.NMBS.IC935","vehicleinfo":{"name":"BE.NMBS.IC935","shortname":"IC935","number":"935","type":"IC","@id":"http:\/\/irail.be\/vehicle\/IC935"},"platform":"7","platforminfo":{"name":"7","normal":"1"},"canceled":"0","left":"0","isExtra":"0","departureConnection":"http:\/\/irail.be\/connections\/8863008\/20220303\/IC935","occupancy":{"name":"unknown","@id":"http:\/\/api.irail.be\/terms\/unknown"}},{"id":"20","delay":"0","station":"Brussels-South/Brussels-Midi","stationinfo":{"locationX":"4.336531","locationY":"50.835707","id":"BE.NMBS.008814001","name":"Brussels-South\/Brussels-Midi","@id":"http:\/\/irail.be\/stations\/NMBS\/008814001","standardname":"Brussel-Zuid\/Bruxelles-Midi"},"time":"1646311500","vehicle":"BE.NMBS.IC2434","vehicleinfo":{"name":"BE.NMBS.IC2434","shortname":"IC2434","number":"2434","type":"IC","@id":"http:\/\/irail.be\/vehicle\/IC2434"},"platform":"11","platforminfo":{"name":"11","normal":"1"},"canceled":"0","left":"0","isExtra":"0","departureConnection":"http:\/\/irail.be\/connections\/8863008\/20220303\/IC2434","occupancy":{"name":"unknown","@id":"http:\/\/api.irail.be\/terms\/unknown"}},{"id":"21","delay":"0","station":"Lëtzebuerg","stationinfo":{"locationX":"6.133331","locationY":"49.599996","id":"BE.NMBS.008200100","name":"L\u00ebtzebuerg","@id":"http:\/\/irail.be\/stations\/NMBS\/008200100","standardname":"L\u00ebtzebuerg"},"time":"1646311620","vehicle":"BE.NMBS.IC2112","vehicleinfo":{"name":"BE.NMBS.IC2112","shortname":"IC2112","number":"2112","type":"IC","@id":"http:\/\/irail.be\/vehicle\/IC2112"},"platform":"10","platforminfo":{"name":"10","normal":"1"},"canceled":"0","left":"0","isExtra":"0","departureConnection":"http:\/\/irail.be\/connections\/8863008\/20220303\/IC2112","occupancy":{"name":"unknown","@id":"http:\/\/api.irail.be\/terms\/unknown"}},{"id":"22","delay":"0","station":"Ottignies","stationinfo":{"locationX":"4.56936","locationY":"50.673667","id":"BE.NMBS.008811601","name":"Ottignies","@id":"http:\/\/irail.be\/stations\/NMBS\/008811601","standardname":"Ottignies"},"time":"1646311860","vehicle":"BE.NMBS.S614585","vehicleinfo":{"name":"BE.NMBS.S614585","shortname":"S614585","number":"4585","type":"S61","@id":"http:\/\/irail.be\/vehicle\/S614585"},"platform":"5","platforminfo":{"name":"5","normal":"1"},"canceled":"0","left":"0","isExtra":"0","departureConnection":"http:\/\/irail.be\/connections\/8863008\/20220303\/S614585","occupancy":{"name":"unknown","@id":"http:\/\/api.irail.be\/terms\/unknown"}},{"id":"23","delay":"0","station":"Herstal","stationinfo":{"locationX":"5.622761","locationY":"50.660911","id":"BE.NMBS.008841608","name":"Herstal","@id":"http:\/\/irail.be\/stations\/NMBS\/008841608","standardname":"Herstal"},"time":"1646311920","vehicle":"BE.NMBS.IC3812","vehicleinfo":{"name":"BE.NMBS.IC3812","shortname":"IC3812","number":"3812","type":"IC","@id":"http:\/\/irail.be\/vehicle\/IC3812"},"platform":"4","platforminfo":{"name":"4","normal":"1"},"canceled":"0","left":"0","isExtra":"0","departureConnection":"http:\/\/irail.be\/connections\/8863008\/20220303\/IC3812","occupancy":{"name":"unknown","@id":"http:\/\/api.irail.be\/terms\/unknown"}},{"id":"24","delay":"0","station":"Libramont","stationinfo":{"locationX":"5.37927","locationY":"49.920434","id":"BE.NMBS.008865003","name":"Libramont","@id":"http:\/\/irail.be\/stations\/NMBS\/008865003","standardname":"Libramont"},"time":"1646312100","vehicle":"BE.NMBS.L6063","vehicleinfo":{"name":"BE.NMBS.L6063","shortname":"L6063","number":"6063","type":"L","@id":"http:\/\/irail.be\/vehicle\/L6063"},"platform":"8","platforminfo":{"name":"8","normal":"1"},"canceled":"0","left":"0","isExtra":"0","departureConnection":"http:\/\/irail.be\/connections\/8863008\/20220303\/L6063","occupancy":{"name":"unknown","@id":"http:\/\/api.irail.be\/terms\/unknown"}},{"id":"25","delay":"0","station":"Ottignies","stationinfo":{"locationX":"4.56936","locationY":"50.673667","id":"BE.NMBS.008811601","name":"Ottignies","@id":"http:\/\/irail.be\/stations\/NMBS\/008811601","standardname":"Ottignies"},"time":"1646312700","vehicle":"BE.NMBS.L6284","vehicleinfo":{"name":"BE.NMBS.L6284","shortname":"L6284","number":"6284","type":"L","@id":"http:\/\/irail.be\/vehicle\/L6284"},"platform":"9","platforminfo":{"name":"9","normal":"1"},"canceled":"0","left":"0","isExtra":"0","departureConnection":"http:\/\/irail.be\/connections\/8863008\/20220303\/L6284","occupancy":{"name":"unknown","@id":"http:\/\/api.irail.be\/terms\/unknown"}},{"id":"26","delay":"0","station":"Mons","stationinfo":{"locationX":"3.942542","locationY":"50.453854","id":"BE.NMBS.008881000","name":"Mons","@id":"http:\/\/irail.be\/stations\/NMBS\/008881000","standardname":"Mons"},"time":"1646313120","vehicle":"BE.NMBS.IC3835","vehicleinfo":{"name":"BE.NMBS.IC3835","shortname":"IC3835","number":"3835","type":"IC","@id":"http:\/\/irail.be\/vehicle\/IC3835"},"platform":"3","platforminfo":{"name":"3","normal":"1"},"canceled":"0","left":"0","isExtra":"0","departureConnection":"http:\/\/irail.be\/connections\/8863008\/20220303\/IC3835","occupancy":{"name":"unknown","@id":"http:\/\/api.irail.be\/terms\/unknown"}},{"id":"27","delay":"0","station":"Jambes","stationinfo":{"locationX":"4.876144","locationY":"50.454843","id":"BE.NMBS.008863115","name":"Jambes","@id":"http:\/\/irail.be\/stations\/NMBS\/008863115","standardname":"Jambes"},"time":"1646313240","vehicle":"BE.NMBS.S614562","vehicleinfo":{"name":"BE.NMBS.S614562","shortname":"S614562","number":"4562","type":"S61","@id":"http:\/\/irail.be\/vehicle\/S614562"},"platform":"6","platforminfo":{"name":"6","normal":"1"},"canceled":"0","left":"0","isExtra":"0","departureConnection":"http:\/\/irail.be\/connections\/8863008\/20220303\/S614562","occupancy":{"name":"unknown","@id":"http:\/\/api.irail.be\/terms\/unknown"}},{"id":"28","delay":"0","station":"Brussels-South/Brussels-Midi","stationinfo":{"locationX":"4.336531","locationY":"50.835707","id":"BE.NMBS.008814001","name":"Brussels-South\/Brussels-Midi","@id":"http:\/\/irail.be\/stations\/NMBS\/008814001","standardname":"Brussel-Zuid\/Bruxelles-Midi"},"time":"1646313480","vehicle":"BE.NMBS.IC2135","vehicleinfo":{"name":"BE.NMBS.IC2135","shortname":"IC2135","number":"2135","type":"IC","@id":"http:\/\/irail.be\/vehicle\/IC2135"},"platform":"9","platforminfo":{"name":"9","normal":"1"},"canceled":"0","left":"0","isExtra":"0","departureConnection":"http:\/\/irail.be\/connections\/8863008\/20220303\/IC2135","occupancy":{"name":"unknown","@id":"http:\/\/api.irail.be\/terms\/unknown"}},{"id":"29","delay":"0","station":"Liège-Saint-Lambert","stationinfo":{"locationX":"5.570453","locationY":"50.646349","id":"BE.NMBS.008841525","name":"Li\u00e8ge-Saint-Lambert","@id":"http:\/\/irail.be\/stations\/NMBS\/008841525","standardname":"Li\u00e8ge-Saint-Lambert"},"time":"1646313480","vehicle":"BE.NMBS.IC2413","vehicleinfo":{"name":"BE.NMBS.IC2413","shortname":"IC2413","number":"2413","type":"IC","@id":"http:\/\/irail.be\/vehicle\/IC2413"},"platform":"11","platforminfo":{"name":"11","normal":"1"},"canceled":"0","left":"0","isExtra":"0","departureConnection":"http:\/\/irail.be\/connections\/8863008\/20220303\/IC2413","occupancy":{"name":"unknown","@id":"http:\/\/api.irail.be\/terms\/unknown"}},{"id":"30","delay":"0","station":"Lëtzebuerg","stationinfo":{"locationX":"6.133331","locationY":"49.599996","id":"BE.NMBS.008200100","name":"L\u00ebtzebuerg","@id":"http:\/\/irail.be\/stations\/NMBS\/008200100","standardname":"L\u00ebtzebuerg"},"time":"1646313660","vehicle":"BE.NMBS.P7613","vehicleinfo":{"name":"BE.NMBS.P7613","shortname":"P7613","number":"7613","type":"P","@id":"http:\/\/irail.be\/vehicle\/P7613"},"platform":"10","platforminfo":{"name":"10","normal":"1"},"canceled":"0","left":"0","isExtra":"0","departureConnection":"http:\/\/irail.be\/connections\/8863008\/20220303\/P7613","occupancy":{"name":"unknown","@id":"http:\/\/api.irail.be\/terms\/unknown"}},{"id":"31","delay":"0","station":"Ciney","stationinfo":{"locationX":"5.091409","locationY":"50.29105","id":"BE.NMBS.008864501","name":"Ciney","@id":"http:\/\/irail.be\/stations\/NMBS\/008864501","standardname":"Ciney"},"time":"1646313840","vehicle":"BE.NMBS.L5764","vehicleinfo":{"name":"BE.NMBS.L5764","shortname":"L5764","number":"5764","type":"L","@id":"http:\/\/irail.be\/vehicle\/L5764"},"platform":"8","platforminfo":{"name":"8","normal":"1"},"canceled":"0","left":"0","isExtra":"0","departureConnection":"http:\/\/irail.be\/connections\/8863008\/20220303\/L5764","occupancy":{"name":"unknown","@id":"http:\/\/api.irail.be\/terms\/unknown"}},{"id":"32","delay":"0","station":"Liège-Guillemins","stationinfo":{"locationX":"5.566695","locationY":"50.62455","id":"BE.NMBS.008841004","name":"Li\u00e8ge-Guillemins","@id":"http:\/\/irail.be\/stations\/NMBS\/008841004","standardname":"Li\u00e8ge-Guillemins"},"time":"1646314020","vehicle":"BE.NMBS.L4964","vehicleinfo":{"name":"BE.NMBS.L4964","shortname":"L4964","number":"4964","type":"L","@id":"http:\/\/irail.be\/vehicle\/L4964"},"platform":"4","platforminfo":{"name":"4","normal":"1"},"canceled":"0","left":"0","isExtra":"0","departureConnection":"http:\/\/irail.be\/connections\/8863008\/20220303\/L4964","occupancy":{"name":"unknown","@id":"http:\/\/api.irail.be\/terms\/unknown"}},{"id":"33","delay":"0","station":"Dinant","stationinfo":{"locationX":"4.908182","locationY":"50.260721","id":"BE.NMBS.008863503","name":"Dinant","@id":"http:\/\/irail.be\/stations\/NMBS\/008863503","standardname":"Dinant"},"time":"1646314260","vehicle":"BE.NMBS.IC2513","vehicleinfo":{"name":"BE.NMBS.IC2513","shortname":"IC2513","number":"2513","type":"IC","@id":"http:\/\/irail.be\/vehicle\/IC2513"},"platform":"6","platforminfo":{"name":"6","normal":"1"},"canceled":"0","left":"0","isExtra":"0","departureConnection":"http:\/\/irail.be\/connections\/8863008\/20220303\/IC2513","occupancy":{"name":"unknown","@id":"http:\/\/api.irail.be\/terms\/unknown"}},{"id":"34","delay":"0","station":"Brussels Airport - Zaventem","stationinfo":{"locationX":"4.482076","locationY":"50.896456","id":"BE.NMBS.008819406","name":"Brussels Airport - Zaventem","@id":"http:\/\/irail.be\/stations\/NMBS\/008819406","standardname":"Brussels Airport - Zaventem"},"time":"1646314380","vehicle":"BE.NMBS.IC2535","vehicleinfo":{"name":"BE.NMBS.IC2535","shortname":"IC2535","number":"2535","type":"IC","@id":"http:\/\/irail.be\/vehicle\/IC2535"},"platform":"5","platforminfo":{"name":"5","normal":"1"},"canceled":"0","left":"0","isExtra":"0","departureConnection":"http:\/\/irail.be\/connections\/8863008\/20220303\/IC2535","occupancy":{"name":"unknown","@id":"http:\/\/api.irail.be\/terms\/unknown"}},{"id":"35","delay":"0","station":"Tournai","stationinfo":{"locationX":"3.396942","locationY":"50.613134","id":"BE.NMBS.008885001","name":"Tournai","@id":"http:\/\/irail.be\/stations\/NMBS\/008885001","standardname":"Tournai"},"time":"1646314740","vehicle":"BE.NMBS.IC936","vehicleinfo":{"name":"BE.NMBS.IC936","shortname":"IC936","number":"936","type":"IC","@id":"http:\/\/irail.be\/vehicle\/IC936"},"platform":"7","platforminfo":{"name":"7","normal":"1"},"canceled":"0","left":"0","isExtra":"0","departureConnection":"http:\/\/irail.be\/connections\/8863008\/20220303\/IC936","occupancy":{"name":"unknown","@id":"http:\/\/api.irail.be\/terms\/unknown"}},{"id":"36","delay":"0","station":"Tournai","stationinfo":{"locationX":"3.396942","locationY":"50.613134","id":"BE.NMBS.008885001","name":"Tournai","@id":"http:\/\/irail.be\/stations\/NMBS\/008885001","standardname":"Tournai"},"time":"1646315100","vehicle":"BE.NMBS.IC2435","vehicleinfo":{"name":"BE.NMBS.IC2435","shortname":"IC2435","number":"2435","type":"IC","@id":"http:\/\/irail.be\/vehicle\/IC2435"},"platform":"11","platforminfo":{"name":"11","normal":"1"},"canceled":"0","left":"0","isExtra":"0","departureConnection":"http:\/\/irail.be\/connections\/8863008\/20220303\/IC2435","occupancy":{"name":"unknown","@id":"http:\/\/api.irail.be\/terms\/unknown"}},{"id":"37","delay":"0","station":"Lëtzebuerg","stationinfo":{"locationX":"6.133331","locationY":"49.599996","id":"BE.NMBS.008200100","name":"L\u00ebtzebuerg","@id":"http:\/\/irail.be\/stations\/NMBS\/008200100","standardname":"L\u00ebtzebuerg"},"time":"1646315220","vehicle":"BE.NMBS.IC2113","vehicleinfo":{"name":"BE.NMBS.IC2113","shortname":"IC2113","number":"2113","type":"IC","@id":"http:\/\/irail.be\/vehicle\/IC2113"},"platform":"10","platforminfo":{"name":"10","normal":"1"},"canceled":"0","left":"0","isExtra":"0","departureConnection":"http:\/\/irail.be\/connections\/8863008\/20220303\/IC2113","occupancy":{"name":"unknown","@id":"http:\/\/api.irail.be\/terms\/unknown"}},{"id":"38","delay":"0","station":"Ottignies","stationinfo":{"locationX":"4.56936","locationY":"50.673667","id":"BE.NMBS.008811601","name":"Ottignies","@id":"http:\/\/irail.be\/stations\/NMBS\/008811601","standardname":"Ottignies"},"time":"1646315460","vehicle":"BE.NMBS.S614586","vehicleinfo":{"name":"BE.NMBS.S614586","shortname":"S614586","number":"4586","type":"S61","@id":"http:\/\/irail.be\/vehicle\/S614586"},"platform":"5","platforminfo":{"name":"5","normal":"1"},"canceled":"0","left":"0","isExtra":"0","departureConnection":"http:\/\/irail.be\/connections\/8863008\/20220303\/S614586","occupancy":{"name":"unknown","@id":"http:\/\/api.irail.be\/terms\/unknown"}},{"id":"39","delay":"0","station":"Herstal","stationinfo":{"locationX":"5.622761","locationY":"50.660911","id":"BE.NMBS.008841608","name":"Herstal","@id":"http:\/\/irail.be\/stations\/NMBS\/008841608","standardname":"Herstal"},"time":"1646315520","vehicle":"BE.NMBS.IC3813","vehicleinfo":{"name":"BE.NMBS.IC3813","shortname":"IC3813","number":"3813","type":"IC","@id":"http:\/\/irail.be\/vehicle\/IC3813"},"platform":"4","platforminfo":{"name":"4","normal":"1"},"canceled":"0","left":"0","isExtra":"0","departureConnection":"http:\/\/irail.be\/connections\/8863008\/20220303\/IC3813","occupancy":{"name":"unknown","@id":"http:\/\/api.irail.be\/terms\/unknown"}},{"id":"40","delay":"0","station":"Libramont","stationinfo":{"locationX":"5.37927","locationY":"49.920434","id":"BE.NMBS.008865003","name":"Libramont","@id":"http:\/\/irail.be\/stations\/NMBS\/008865003","standardname":"Libramont"},"time":"1646315700","vehicle":"BE.NMBS.L6064","vehicleinfo":{"name":"BE.NMBS.L6064","shortname":"L6064","number":"6064","type":"L","@id":"http:\/\/irail.be\/vehicle\/L6064"},"platform":"8","platforminfo":{"name":"8","normal":"1"},"canceled":"0","left":"0","isExtra":"0","departureConnection":"http:\/\/irail.be\/connections\/8863008\/20220303\/L6064","occupancy":{"name":"unknown","@id":"http:\/\/api.irail.be\/terms\/unknown"}},{"id":"41","delay":"0","station":"Ottignies","stationinfo":{"locationX":"4.56936","locationY":"50.673667","id":"BE.NMBS.008811601","name":"Ottignies","@id":"http:\/\/irail.be\/stations\/NMBS\/008811601","standardname":"Ottignies"},"time":"1646316300","vehicle":"BE.NMBS.L6285","vehicleinfo":{"name":"BE.NMBS.L6285","shortname":"L6285","number":"6285","type":"L","@id":"http:\/\/irail.be\/vehicle\/L6285"},"platform":"9","platforminfo":{"name":"9","normal":"1"},"canceled":"0","left":"0","isExtra":"0","departureConnection":"http:\/\/irail.be\/connections\/8863008\/20220303\/L6285","occupancy":{"name":"unknown","@id":"http:\/\/api.irail.be\/terms\/unknown"}},{"id":"42","delay":"0","station":"Mons","stationinfo":{"locationX":"3.942542","locationY":"50.453854","id":"BE.NMBS.008881000","name":"Mons","@id":"http:\/\/irail.be\/stations\/NMBS\/008881000","standardname":"Mons"},"time":"1646316720","vehicle":"BE.NMBS.IC3836","vehicleinfo":{"name":"BE.NMBS.IC3836","shortname":"IC3836","number":"3836","type":"IC","@id":"http:\/\/irail.be\/vehicle\/IC3836"},"platform":"3","platforminfo":{"name":"3","normal":"1"},"canceled":"0","left":"0","isExtra":"0","departureConnection":"http:\/\/irail.be\/connections\/8863008\/20220303\/IC3836","occupancy":{"name":"unknown","@id":"http:\/\/api.irail.be\/terms\/unknown"}},{"id":"43","delay":"0","station":"Jambes","stationinfo":{"locationX":"4.876144","locationY":"50.454843","id":"BE.NMBS.008863115","name":"Jambes","@id":"http:\/\/irail.be\/stations\/NMBS\/008863115","standardname":"Jambes"},"time":"1646316840","vehicle":"BE.NMBS.S614563","vehicleinfo":{"name":"BE.NMBS.S614563","shortname":"S614563","number":"4563","type":"S61","@id":"http:\/\/irail.be\/vehicle\/S614563"},"platform":"6","platforminfo":{"name":"6","normal":"1"},"canceled":"0","left":"0","isExtra":"0","departureConnection":"http:\/\/irail.be\/connections\/8863008\/20220303\/S614563","occupancy":{"name":"unknown","@id":"http:\/\/api.irail.be\/terms\/unknown"}},{"id":"44","delay":"0","station":"Brussels-South/Brussels-Midi","stationinfo":{"locationX":"4.336531","locationY":"50.835707","id":"BE.NMBS.008814001","name":"Brussels-South\/Brussels-Midi","@id":"http:\/\/irail.be\/stations\/NMBS\/008814001","standardname":"Brussel-Zuid\/Bruxelles-Midi"},"time":"1646317020","vehicle":"BE.NMBS.IC2136","vehicleinfo":{"name":"BE.NMBS.IC2136","shortname":"IC2136","number":"2136","type":"IC","@id":"http:\/\/irail.be\/vehicle\/IC2136"},"platform":"9","platforminfo":{"name":"9","normal":"1"},"canceled":"0","left":"0","isExtra":"0","departureConnection":"http:\/\/irail.be\/connections\/8863008\/20220303\/IC2136","occupancy":{"name":"unknown","@id":"http:\/\/api.irail.be\/terms\/unknown"}},{"id":"45","delay":"0","station":"Liège-Saint-Lambert","stationinfo":{"locationX":"5.570453","locationY":"50.646349","id":"BE.NMBS.008841525","name":"Li\u00e8ge-Saint-Lambert","@id":"http:\/\/irail.be\/stations\/NMBS\/008841525","standardname":"Li\u00e8ge-Saint-Lambert"},"time":"1646317080","vehicle":"BE.NMBS.IC2414","vehicleinfo":{"name":"BE.NMBS.IC2414","shortname":"IC2414","number":"2414","type":"IC","@id":"http:\/\/irail.be\/vehicle\/IC2414"},"platform":"11","platforminfo":{"name":"11","normal":"1"},"canceled":"0","left":"0","isExtra":"0","departureConnection":"http:\/\/irail.be\/connections\/8863008\/20220303\/IC2414","occupancy":{"name":"unknown","@id":"http:\/\/api.irail.be\/terms\/unknown"}},{"id":"46","delay":"0","station":"Ciney","stationinfo":{"locationX":"5.091409","locationY":"50.29105","id":"BE.NMBS.008864501","name":"Ciney","@id":"http:\/\/irail.be\/stations\/NMBS\/008864501","standardname":"Ciney"},"time":"1646317260","vehicle":"BE.NMBS.L5765","vehicleinfo":{"name":"BE.NMBS.L5765","shortname":"L5765","number":"5765","type":"L","@id":"http:\/\/irail.be\/vehicle\/L5765"},"platform":"8","platforminfo":{"name":"8","normal":"1"},"canceled":"0","left":"0","isExtra":"0","departureConnection":"http:\/\/irail.be\/connections\/8863008\/20220303\/L5765","occupancy":{"name":"unknown","@id":"http:\/\/api.irail.be\/terms\/unknown"}},{"id":"47","delay":"0","station":"Liège-Guillemins","stationinfo":{"locationX":"5.566695","locationY":"50.62455","id":"BE.NMBS.008841004","name":"Li\u00e8ge-Guillemins","@id":"http:\/\/irail.be\/stations\/NMBS\/008841004","standardname":"Li\u00e8ge-Guillemins"},"time":"1646317620","vehicle":"BE.NMBS.L4965","vehicleinfo":{"name":"BE.NMBS.L4965","shortname":"L4965","number":"4965","type":"L","@id":"http:\/\/irail.be\/vehicle\/L4965"},"platform":"4","platforminfo":{"name":"4","normal":"1"},"canceled":"0","left":"0","isExtra":"0","departureConnection":"http:\/\/irail.be\/connections\/8863008\/20220303\/L4965","occupancy":{"name":"unknown","@id":"http:\/\/api.irail.be\/terms\/unknown"}},{"id":"48","delay":"0","station":"Dinant","stationinfo":{"locationX":"4.908182","locationY":"50.260721","id":"BE.NMBS.008863503","name":"Dinant","@id":"http:\/\/irail.be\/stations\/NMBS\/008863503","standardname":"Dinant"},"time":"1646317860","vehicle":"BE.NMBS.IC2514","vehicleinfo":{"name":"BE.NMBS.IC2514","shortname":"IC2514","number":"2514","type":"IC","@id":"http:\/\/irail.be\/vehicle\/IC2514"},"platform":"10","platforminfo":{"name":"10","normal":"1"},"canceled":"0","left":"0","isExtra":"0","departureConnection":"http:\/\/irail.be\/connections\/8863008\/20220303\/IC2514","occupancy":{"name":"unknown","@id":"http:\/\/api.irail.be\/terms\/unknown"}},{"id":"49","delay":"0","station":"Brussels Airport - Zaventem","stationinfo":{"locationX":"4.482076","locationY":"50.896456","id":"BE.NMBS.008819406","name":"Brussels Airport - Zaventem","@id":"http:\/\/irail.be\/stations\/NMBS\/008819406","standardname":"Brussels Airport - Zaventem"},"time":"1646317980","vehicle":"BE.NMBS.IC2536","vehicleinfo":{"name":"BE.NMBS.IC2536","shortname":"IC2536","number":"2536","type":"IC","@id":"http:\/\/irail.be\/vehicle\/IC2536"},"platform":"5","platforminfo":{"name":"5","normal":"1"},"canceled":"0","left":"0","isExtra":"0","departureConnection":"http:\/\/irail.be\/connections\/8863008\/20220303\/IC2536","occupancy":{"name":"unknown","@id":"http:\/\/api.irail.be\/terms\/unknown"}}]}}