{"version":"1.1","timestamp":"1646306425","station":"Mons","stationinfo":{"locationX":"3.942542","locationY":"50.453854","id":"BE.NMBS.008881000","name":"Mons","@id":"http:\/\/irail.be\/stations\/NMBS\/008881000","standardname":"Mons"},"departures":{"number":"50","departure":[{"id":"0","delay":"0","station":"Quevy","stationinfo":{"locationX":"3.909489","locationY":"50.341534","id":"BE.NMBS.008881505","name":"Quevy","@id":"http:\/\/irail.be\/stations\/NMBS\/008881505","standardname":"Quevy"},"time":"1646306520","vehicle":"BE.NMBS.L4682","vehicleinfo":{"name":"BE.NMBS.L4682","shortname":"L4682","number":"4682","type":"L","@id":"http:\/\/irail.be\/vehicle\/L4682"},"platform":"6","platforminfo":{"name":"6","normal":"1"},"canceled":"0","left":"0","isExtra":"0","departureConnection":"http:\/\/irail.be\/connections\/8881000\/20220303\/L4682","occupancy":{"name":"unknown","@id":"http:\/\/api.irail.be\/terms\/unknown"}},{"id":"1","delay":"0","station":"Geraardsbergen","stationinfo":{"locationX":"3.872328","locationY":"50.771137","id":"BE.NMBS.008895505","name":"Geraardsbergen","@id":"http:\/\/irail.be\/stations\/NMBS\/008895505","standardname":"Geraardsbergen"},"time":"1646306760","vehicle":"BE.NMBS.L4883","vehicleinfo":{"name":"BE.NMBS.L4883","shortname":"L4883","number":"4883","type":"L","@id":"http:\/\/irail.be\/vehicle\/L4883"},"platform":"4","platforminfo":{"name":"4","normal":"1"},"canceled":"0","left":"0","isExtra":"0","departureConnection":"http:\/\/irail.be\/connections\/8881000\/20220303\/L4883","occupancy":{"name":"unknown","@id":"http:\/\/api.irail.be\/terms\/unknown"}},{"id":"2","delay":"0","station":"Herstal","stationinfo":{"locationX":"5.622761","locationY":"50.660911","id":"BE.NMBS.008841608","name":"Herstal","@id":"http:\/\/irail.be\/stations\/NMBS\/008841608","standardname":"Herstal"},"time":"1646307540","vehicle":"BE.NMBS.IC3812","vehicleinfo":{"name":"BE.NMBS.IC3812","shortname":"IC3812","number":"3812","type":"IC","@id":"http:\/\/irail.be\/vehicle\/IC3812"},"platform":"3","platforminfo":{"name":"3","normal":"1"},"canceled":"0","left":"0","isExtra":"0","departureConnection":"http:\/\/irail.be\/connections\/8881000\/20220303\/IC3812","occupancy":{"name":"unknown","@id":"http:\/\/api.irail.be\/terms\/unknown"}},{"id":"3","delay":"0","station":"Tournai","stationinfo":{"locationX":"3.396942","locationY":"50.613134","id":"BE.NMBS.008885001","name":"Tournai","@id":"http:\/\/irail.be\/stations\/NMBS\/008885001","standardname":"Tournai"},"time":"1646307960","vehicle":"BE.NMBS.IC933","vehicleinfo":{"name":"BE.NMBS.IC933","shortname":"IC933","number":"933","type":"IC","@id":"http:\/\/irail.be\/vehicle\/IC933"},"platform":"3","platforminfo":{"name":"3","normal":"1"},"canceled":"0","left":"0","isExtra":"0","departureConnection":"http:\/\/irail.be\/connections\/8881000\/20220303\/IC933","occupancy":{"name":"unknown","@id":"http:\/\/api.irail.be\/terms\/unknown"}},{"id":"4","delay":"0","station":"Liège-Guillemins","stationinfo":{"locationX":"5.566695","locationY":"50.62455","id":"BE.NMBS.008841004","name":"Li\u00e8ge-Guillemins","@id":"http:\/\/irail.be\/stations\/NMBS\/008841004","standardname":"Li\u00e8ge-Guillemins"},"time":"1646308080","vehicle":"BE.NMBS.IC1712","vehicleinfo":{"name":"BE.NMBS.IC1712","shortname":"IC1712","number":"1712","type":"IC","@id":"http:\/\/irail.be\/vehicle\/IC1712"},"platform":"5","platforminfo":{"name":"5","normal":"1"},"canceled":"0","left":"0","isExtra":"0","departureConnection":"http:\/\/irail.be\/connections\/8881000\/20220303\/IC1712","occupancy":{"name":"unknown","@id":"http:\/\/api.irail.be\/terms\/unknown"}},{"id":"5","delay":"0","station":"La Louvière-Sud","stationinfo":{"locationX":"4.190609","locationY":"50.464974","id":"BE.NMBS.008882206","name":"La Louvi\u00e8re-Sud","@id":"http:\/\/irail.be\/stations\/NMBS\/008882206","standardname":"La Louvi\u00e8re-Sud"},"time":"1646308440","vehicle":"BE.NMBS.L4462","vehicleinfo":{"name":"BE.NMBS.L4462","shortname":"L4462","number":"4462","type":"L","@id":"http:\/\/irail.be\/vehicle\/L4462"},"platform":"6","platforminfo":{"name":"6","normal":"1"},"canceled":"0","left":"0","isExtra":"0","departureConnection":"http:\/\/irail.be\/connections\/8881000\/20220303\/L4462","occupancy":{"name":"unknown","@id":"http:\/\/api.irail.be\/terms\/unknown"}},{"id":"6","delay":"0","station":"Moeskroen / Mouscron","stationinfo":{"locationX":"3.228448","locationY":"50.741005","id":"BE.NMBS.008885704","name":"Moeskroen \/ Mouscron","@id":"http:\/\/irail.be\/stations\/NMBS\/008885704","standardname":"Mouscron"},"time":"1646308440","vehicle":"BE.NMBS.L4662","vehicleinfo":{"name":"BE.NMBS.L4662","shortname":"L4662","number":"4662","type":"L","@id":"http:\/\/irail.be\/vehicle\/L4662"},"platform":"4","platforminfo":{"name":"4","normal":"1"},"canceled":"0","left":"0","isExtra":"0","departureConnection":"http:\/\/irail.be\/connections\/8881000\/20220303\/L4662","occupancy":{"name":"unknown","@id":"http:\/\/api.irail.be\/terms\/unknown"}},{"id":"7","delay":"0","station":"Quievrain","stationinfo":{"locationX":"3.68608","locationY":"50.410103","id":"BE.NMBS.008884335","name":"Quievrain","@id":"http:\/\/irail.be\/stations\/NMBS\/008884335","standardname":"Quievrain"},"time":"1646309640","vehicle":"BE.NMBS.IC1733","vehicleinfo":{"name":"BE.NMBS.IC1733","shortname":"IC1733","number":"1733","type":"IC","@id":"http:\/\/irail.be\/vehicle\/IC1733"},"platform":"3","platforminfo":{"name":"3","normal":"1"},"canceled":"0","left":"0","isExtra":"0","departureConnection":"http:\/\/irail.be\/connections\/8881000\/20220303\/IC1733","occupancy":{"name":"unknown","@id":"http:\/\/api.irail.be\/terms\/unknown"}},{"id":"8","delay":"0","station":"Namur","stationinfo":{"locationX":"4.86222","locationY":"50.468794","id":"BE.NMBS.008863008","name":"Namur","@id":"http:\/\/irail.be\/stations\/NMBS\/008863008","standardname":"Namur"},"time":"1646309700","vehicle":"BE.NMBS.IC912","vehicleinfo":{"name":"BE.NMBS.IC912","shortname":"IC912","number":"912","type":"IC","@id":"http:\/\/irail.be\/vehicle\/IC912"},"platform":"5","platforminfo":{"name":"5","normal":"1"},"canceled":"0","left":"0","isExtra":"0","departureConnection":"http:\/\/irail.be\/connections\/8881000\/20220303\/IC912","occupancy":{"name":"unknown","@id":"http:\/\/api.irail.be\/terms\/unknown"}},{"id":"9","delay":"0","station":"Brussels Airport - Zaventem","stationinfo":{"locationX":"4.482076","locationY":"50.896456","id":"BE.NMBS.008819406","name":"Brussels Airport - Zaventem","@id":"http:\/\/irail.be\/stations\/NMBS\/008819406","standardname":"Brussels Airport - Zaventem"},"time":"1646309940","vehicle":"BE.NMBS.IC3713","vehicleinfo":{"name":"BE.NMBS.IC3713","shortname":"IC3713","number":"3713","type":"IC","@id":"http:\/\/irail.be\/vehicle\/IC3713"},"platform":"7","platforminfo":{"name":"7","normal":"1"},"canceled":"0","left":"0","isExtra":"0","departureConnection":"http:\/\/irail.be\/connections\/8881000\/20220303\/IC3713","occupancy":{"name":"unknown","@id":"http:\/\/api.irail.be\/terms\/unknown"}},{"id":"10","delay":"0","station":"Quevy","stationinfo":{"locationX":"3.909489","locationY":"50.341534","id":"BE.NMBS.008881505","name":"Quevy","@id":"http:\/\/irail.be\/stations\/NMBS\/008881505","standardname":"Quevy"},"time":"1646310120","vehicle":"BE.NMBS.L4683","vehicleinfo":{"name":"BE.NMBS.L4683","shortname":"L4683","number":"4683","type":"L","@id":"http:\/\/irail.be\/vehicle\/L4683"},"platform":"6","platforminfo":{"name":"6","normal":"1"},"canceled":"0","left":"0","isExtra":"0","departureConnection":"http:\/\/irail.be\/connections\/8881000\/20220303\/L4683","occupancy":{"name":"unknown","@id":"http:\/\/api.irail.be\/terms\/unknown"}},{"id":"11","delay":"0","station":"Geraardsbergen","stationinfo":{"locationX":"3.872328","locationY":"50.771137","id":"BE.NMBS.008895505","name":"Geraardsbergen","@id":"http:\/\/irail.be\/stations\/NMBS\/008895505","standardname":"Geraardsbergen"},"time":"1646310360","vehicle":"BE.NMBS.L4884","vehicleinfo":{"name":"BE.NMBS.L4884","shortname":"L4884","number":"4884","type":"L","@id":"http:\/\/irail.be\/vehicle\/L4884"},"platform":"6","platforminfo":{"name":"6","normal":"1"},"canceled":"0","left":"0","isExtra":"0","departureConnection":"http:\/\/irail.be\/connections\/8881000\/20220303\/L4884","occupancy":{"name":"unknown","@id":"http:\/\/api.irail.be\/terms\/unknown"}},{"id":"12","delay":"0","station":"Herstal","stationinfo":{"locationX":"5.622761","locationY":"50.660911","id":"BE.NMBS.008841608","name":"Herstal","@id":"http:\/\/irail.be\/stations\/NMBS\/008841608","standardname":"Herstal"},"time":"1646311140","vehicle":"BE.NMBS.IC3813","vehicleinfo":{"name":"BE.NMBS.IC3813","shortname":"IC3813","number":"3813","type":"IC","@id":"http:\/\/irail.be\/vehicle\/IC3813"},"platform":"7","platforminfo":{"name":"7","normal":"1"},"canceled":"0","left":"0","isExtra":"0","departureConnection":"http:\/\/irail.be\/connections\/8881000\/20220303\/IC3813","occupancy":{"name":"unknown","@id":"http:\/\/api.irail.be\/terms\/unknown"}},{"id":"13","delay":"0","station":"Tournai","stationinfo":{"locationX":"3.396942","locationY":"50.613134","id":"BE.NMBS.008885001","name":"Tournai","@id":"http:\/\/irail.be\/stations\/NMBS\/008885001","standardname":"Tournai"},"time":"1646311560","vehicle":"BE.NMBS.IC934","vehicleinfo":{"name":"BE.NMBS.IC934","shortname":"IC934","number":"934","type":"IC","@id":"http:\/\/irail.be\/vehicle\/IC934"},"platform":"3","platforminfo":{"name":"3","normal":"1"},"canceled":"0","left":"0","isExtra":"0","departureConnection":"http:\/\/irail.be\/connections\/8881000\/20220303\/IC934","occupancy":{"name":"unknown","@id":"http:\/\/api.irail.be\/terms\/unknown"}},{"id":"14","delay":"0","station":"Liège-Guillemins","stationinfo":{"locationX":"5.566695","locationY":"50.62455","id":"BE.NMBS.008841004","name":"Li\u00e8ge-Guillemins","@id":"http:\/\/irail.be\/stations\/NMBS\/008841004","standardname":"Li\u00e8ge-Guillemins"},"time":"1646311680","vehicle":"BE.NMBS.IC1713","vehicleinfo":{"name":"BE.NMBS.IC1713","shortname":"IC1713","number":"1713","type":"IC","@id":"http:\/\/irail.be\/vehicle\/IC1713"},"platform":"6","platforminfo":{"name":"6","normal":"1"},"canceled":"0","left":"0","isExtra":"0","departureConnection":"http:\/\/irail.be\/connections\/8881000\/20220303\/IC1713","occupancy":{"name":"unknown","@id":"http:\/\/api.irail.be\/terms\/unknown"}},{"id":"15","delay":"0","station":"Moeskroen / Mouscron","stationinfo":{"locationX":"3.228448","locationY":"50.741005","id":"BE.NMBS.008885704","name":"Moeskroen \/ Mouscron","@id":"http:\/\/irail.be\/stations\/NMBS\/008885704","standardname":"Mouscron"},"time":"1646311860","vehicle":"BE.NMBS.L4663","vehicleinfo":{"name":"BE.NMBS.L4663","shortname":"L4663","number":"4663","type":"L","@id":"http:\/\/irail.be\/vehicle\/L4663"},"platform":"4","platforminfo":{"name":"4","normal":"1"},"canceled":"0","left":"0","isExtra":"0","departureConnection":"http:\/\/irail.be\/connections\/8881000\/20220303\/L4663","occupancy":{"name":"unknown","@id":"http:\/\/api.irail.be\/terms\/unknown"}},{"id":"16","delay":"0","station":"La Louvière-Sud","stationinfo":{"locationX":"4.190609","locationY":"50.464974","id":"BE.NMBS.008882206","name":"La Louvi\u00e8re-Sud","@id":"http:\/\/irail.be\/stations\/NMBS\/008882206","standardname":"La Louvi\u00e8re-Sud"},"time":"1646312040","vehicle":"BE.NMBS.L4463","vehicleinfo":{"name":"BE.NMBS.L4463","shortname":"L4463","number":"4463","type":"L","@id":"http:\/\/irail.be\/vehicle\/L4463"},"platform":"4","platforminfo":{"name":"4","normal":"1"},"canceled":"0","left":"0","isExtra":"0","departureConnection":"http:\/\/irail.be\/connections\/8881000\/20220303\/L4463","occupancy":{"name":"unknown","@id":"http:\/\/api.irail.be\/terms\/unknown"}},{"id":"17","delay":"0","station":"Quievrain","stationinfo":{"locationX":"3.68608","locationY":"50.410103","id":"BE.NMBS.008884335","name":"Quievrain","@id":"http:\/\/irail.be\/stations\/NMBS\/008884335","standardname":"Quievrain"},"time":"1646313240","vehicle":"BE.NMBS.IC1734","vehicleinfo":{"name":"BE.NMBS.IC1734","shortname":"IC1734","number":"1734","type":"IC","@id":"http:\/\/irail.be\/vehicle\/IC1734"},"platform":"4","platforminfo":{"name":"4","normal":"1"},"canceled":"0","left":"0","isExtra":"0","departureConnection":"http:\/\/irail.be\/connections\/8881000\/20220303\/IC1734","occupancy":{"name":"unknown","@id":"http:\/\/api.irail.be\/terms\/unknown"}},{"id":"18","delay":"0","station":"Namur","stationinfo":{"locationX":"4.86222","locationY":"50.468794","id":"BE.NMBS.008863008","name":"Namur","@id":"http:\/\/irail.be\/stations\/NMBS\/008863008","standardname":"Namur"},"time":"1646313300","vehicle":"BE.NMBS.IC913","vehicleinfo":{"name":"BE.NMBS.IC913","shortname":"IC913","number":"913","type":"IC","@id":"http:\/\/irail.be\/vehicle\/IC913"},"platform":"5","platforminfo":{"name":"5","normal":"1"},"canceled":"0","left":"0","isExtra":"0","departureConnection":"http:\/\/irail.be\/connections\/8881000\/20220303\/IC913","occupancy":{"name":"unknown","@id":"http:\/\/api.irail.be\/terms\/unknown"}},{"id":"19","delay":"0","station":"Brussels Airport - Zaventem","stationinfo":{"locationX":"4.482076","locationY":"50.896456","id":"BE.NMBS.008819406","name":"Brussels Airport - Zaventem","@id":"http:\/\/irail.be\/stations\/NMBS\/008819406","standardname":"Brussels Airport - Zaventem"},"time":"1646313540","vehicle":"BE.NMBS.IC3714","vehicleinfo":{"name":"BE.NMBS.IC3714","shortname":"IC3714","number":"3714","type":"IC","@id":"http:\/\/irail.be\/vehicle\/IC3714"},"platform":"7","platforminfo":{"name":"7","normal":"1"},"canceled":"0","left":"0","isExtra":"0","departureConnection":"http:\/\/irail.be\/connections\/8881000\/20220303\/IC3714","occupancy":{"name":"unknown","@id":"http:\/\/api.irail.be\/terms\/unknown"}},{"id":"20","delay":"0","station":"Quevy","stationinfo":{"locationX":"3.909489","locationY":"50.341534","id":"BE.NMBS.008881505","name":"Quevy","@id":"http:\/\/irail.be\/stations\/NMBS\/008881505","standardname":"Quevy"},"time":"1646313720","vehicle":"BE.NMBS.L4684","vehicleinfo":{"name":"BE.NMBS.L4684","shortname":"L4684","number":"4684","type":"L","@id":"http:\/\/irail.be\/vehicle\/L4684"},"platform":"6","platforminfo":{"name":"6","normal":"1"},"canceled":"0","left":"0","isExtra":"0","departureConnection":"http:\/\/irail.be\/connections\/8881000\/20220303\/L4684","occupancy":{"name":"unknown","@id":"http:\/\/api.irail.be\/terms\/unknown"}},{"id":"21","delay":"0","station":"Geraardsbergen","stationinfo":{"locationX":"3.872328","locationY":"50.771137","id":"BE.NMBS.008895505","name":"Geraardsbergen","@id":"http:\/\/irail.be\/stations\/NMBS\/008895505","standardname":"Geraardsbergen"},"time":"1646313960","vehicle":"BE.NMBS.L4885","vehicleinfo":{"name":"BE.NMBS.L4885","shortname":"L4885","number":"4885","type":"L","@id":"http:\/\/irail.be\/vehicle\/L4885"},"platform":"3","platforminfo":{"name":"3","normal":"1"},"canceled":"0","left":"0","isExtra":"0","departureConnection":"http:\/\/irail.be\/connections\/8881000\/20220303\/L4885","occupancy":{"name":"unknown","@id":"http:\/\/api.irail.be\/terms\/unknown"}},{"id":"22","delay":"0","station":"Herstal","stationinfo":{"locationX":"5.622761","locationY":"50.660911","id":"BE.NMBS.008841608","name":"Herstal","@id":"http:\/\/irail.be\/stations\/NMBS\/008841608","standardname":"Herstal"},"time":"1646314740","vehicle":"BE.NMBS.IC3814","vehicleinfo":{"name":"BE.NMBS.IC3814","shortname":"IC3814","number":"3814","type":"IC","@id":"http:\/\/irail.be\/vehicle\/IC3814"},"platform":"6","platforminfo":{"name":"6","normal":"1"},"canceled":"0","left":"0","isExtra":"0","departureConnection":"http:\/\/irail.be\/connections\/8881000\/20220303\/IC3814","occupancy":{"name":"unknown","@id":"http:\/\/api.irail.be\/terms\/unknown"}},{"id":"23","delay":"0","station":"Tournai","stationinfo":{"locationX":"3.396942","locationY":"50.613134","id":"BE.NMBS.008885001","name":"Tournai","@id":"http:\/\/irail.be\/stations\/NMBS\/008885001","standardname":"Tournai"},"time":"1646315160","vehicle":"BE.NMBS.IC935","vehicleinfo":{"name":"BE.NMBS.IC935","shortname":"IC935","number":"935","type":"IC","@id":"http:\/\/irail.be\/vehicle\/IC935"},"platform":"4","platforminfo":{"name":"4","normal":"1"},"canceled":"0","left":"0","isExtra":"0","departureConnection":"http:\/\/irail.be\/connections\/8881000\/20220303\/IC935","occupancy":{"name":"unknown","@id":"http:\/\/api.irail.be\/terms\/unknown"}},{"id":"24","delay":"0","station":"Liège-Guillemins","stationinfo":{"locationX":"5.566695","locationY":"50.62455","id":"BE.NMBS.008841004","name":"Li\u00e8ge-Guillemins","@id":"http:\/\/irail.be\/stations\/NMBS\/008841004","standardname":"Li\u00e8ge-Guillemins"},"time":"1646315280","vehicle":"BE.NMBS.IC1714","vehicleinfo":{"name":"BE.NMBS.IC1714","shortname":"IC1714","number":"1714","type":"IC","@id":"http:\/\/irail.be\/vehicle\/IC1714"},"platform":"7","platforminfo":{"name":"7","normal":"1"},"canceled":"0","left":"0","isExtra":"0","departureConnection":"http:\/\/irail.be\/connections\/8881000\/20220303\/IC1714","occupancy":{"name":"unknown","@id":"http:\/\/api.irail.be\/terms\/unknown"}},{"id":"25","delay":"0","station":"Moeskroen / Mouscron","stationinfo":{"locationX":"3.228448","locationY":"50.741005","id":"BE.NMBS.008885704","name":"Moeskroen \/ Mouscron","@id":"http:\/\/irail.be\/stations\/NMBS\/008885704","standardname":"Mouscron"},"time":"1646315460","vehicle":"BE.NMBS.L4664","vehicleinfo":{"name":"BE.NMBS.L4664","shortname":"L4664","number":"4664","type":"L","@id":"http:\/\/irail.be\/vehicle\/L4664"},"platform":"5","platforminfo":{"name":"5","normal":"1"},"canceled":"0","left":"0","isExtra":"0","departureConnection":"http:\/\/irail.be\/connections\/8881000\/20220303\/L4664","occupancy":{"name":"unknown","@id":"http:\/\/api.irail.be\/terms\/unknown"}},{"id":"26","delay":"0","station":"La Louvière-Sud","stationinfo":{"locationX":"4.190609","locationY":"50.464974","id":"BE.NMBS.008882206","name":"La Louvi\u00e8re-Sud","@id":"http:\/\/irail.be\/stations\/NMBS\/008882206","standardname":"La Louvi\u00e8re-Sud"},"time":"1646315640","vehicle":"BE.NMBS.L4464","vehicleinfo":{"name":"BE.NMBS.L4464","shortname":"L4464","number":"4464","type":"L","@id":"http:\/\/irail.be\/vehicle\/L4464"},"platform":"3","platforminfo":{"name":"3","normal":"1"},"canceled":"0","left":"0","isExtra":"0","departureConnection":"http:\/\/irail.be\/connections\/8881000\/20220303\/L4464","occupancy":{"name":"unknown","@id":"http:\/\/api.irail.be\/terms\/unknown"}},{"id":"27","delay":"0","station":"Quievrain","stationinfo":{"locationX":"3.68608","locationY":"50.410103","id":"BE.NMBS.008884335","name":"Quievrain","@id":"http:\/\/irail.be\/stations\/NMBS\/008884335","standardname":"Quievrain"},"time":"1646316840","vehicle":"BE.NMBS.IC1735","vehicleinfo":{"name":"BE.NMBS.IC1735","shortname":"IC1735","number":"1735","type":"IC","@id":"http:\/\/irail.be\/vehicle\/IC1735"},"platform":"6","platforminfo":{"name":"6","normal":"1"},"canceled":"0","left":"0","isExtra":"0","departureConnection":"http:\/\/irail.be\/connections\/8881000\/20220303\/IC1735","occupancy":{"name":"unknown","@id":"http:\/\/api.irail.be\/terms\/unknown"}},{"id":"28","delay":"0","station":"Namur","stationinfo":{"locationX":"4.86222","locationY":"50.468794","id":"BE.NMBS.008863008","name":"Namur","@id":"http:\/\/irail.be\/stations\/NMBS\/008863008","standardname":"Namur"},"time":"1646316900","vehicle":"BE.NMBS.IC914","vehicleinfo":{"name":"BE.NMBS.IC914","shortname":"IC914","number":"914","type":"IC","@id":"http:\/\/irail.be\/vehicle\/IC914"},"platform":"3","platforminfo":{"name":"3","normal":"1"},"canceled":"0","left":"0","isExtra":"0","departureConnection":"http:\/\/irail.be\/connections\/8881000\/20220303\/IC914","occupancy":{"name":"unknown","@id":"http:\/\/api.irail.be\/terms\/unknown"}},{"id":"29","delay":"0","station":"Brussels Airport - Zaventem","stationinfo":{"locationX":"4.482076","locationY":"50.896456","id":"BE.NMBS.008819406","name":"Brussels Airport - Zaventem","@id":"http:\/\/irail.be\/stations\/NMBS\/008819406","standardname":"Brussels Airport - Zaventem"},"time":"1646317140","vehicle":"BE.NMBS.IC3715","vehicleinfo":{"name":"BE.NMBS.IC3715","shortname":"IC3715","number":"3715","type":"IC","@id":"http:\/\/irail.be\/vehicle\/IC3715"},"platform":"7","platforminfo":{"name":"7","normal":"1"},"canceled":"0","left":"0","isExtra":"0","departureConnection":"http:\/\/irail.be\/connections\/8881000\/20220303\/IC3715","occupancy":{"name":"unknown","@id":"http:\/\/api.irail.be\/terms\/unknown"}},{"id":"30","delay":"0","station":"Quevy","stationinfo":{"locationX":"3.909489","locationY":"50.341534","id":"BE.NMBS.008881505","name":"Quevy","@id":"http:\/\/irail.be\/stations\/NMBS\/008881505","standardname":"Quevy"},"time":"1646317380","vehicle":"BE.NMBS.L4685","vehicleinfo":{"name":"BE.NMBS.L4685","shortname":"L4685","number":"4685","type":"L","@id":"http:\/\/irail.be\/vehicle\/L4685"},"platform":"4","platforminfo":{"name":"4","normal":"1"},"canceled":"0","left":"0","isExtra":"0","departureConnection":"http:\/\/irail.be\/connections\/8881000\/20220303\/L4685","occupancy":{"name":"unknown","@id":"http:\/\/api.irail.be\/terms\/unknown"}},{"id":"31","delay":"0","station":"Geraardsbergen","stationinfo":{"locationX":"3.872328","locationY":"50.771137","id":"BE.NMBS.008895505","name":"Geraardsbergen","@id":"http:\/\/irail.be\/stations\/NMBS\/008895505","standardname":"Geraardsbergen"},"time":"1646317560","vehicle":"BE.NMBS.L4886","vehicleinfo":{"name":"BE.NMBS.L4886","shortname":"L4886","number":"4886","type":"L","@id":"http:\/\/irail.be\/vehicle\/L4886"},"platform":"5","platforminfo":{"name":"5","normal":"1"},"canceled":"0","left":"0","isExtra":"0","departureConnection":"http:\/\/irail.be\/connections\/8881000\/20220303\/L4886","occupancy":{"name":"unknown","@id":"http:\/\/api.irail.be\/terms\/unknown"}},{"id":"32","delay":"0","station":"Herstal","stationinfo":{"locationX":"5.622761","locationY":"50.660911","id":"BE.NMBS.008841608","name":"Herstal","@id":"http:\/\/irail.be\/stations\/NMBS\/008841608","standardname":"Herstal"},"time":"1646318340","vehicle":"BE.NMBS.IC3815","vehicleinfo":{"name":"BE.NMBS.IC3815","shortname":"IC3815","number":"3815","type":"IC","@id":"http:\/\/irail.be\/vehicle\/IC3815"},"platform":"6","platforminfo":{"name":"6","normal":"1"},"canceled":"0","left":"0","isExtra":"0","departureConnection":"http:\/\/irail.be\/connections\/8881000\/20220303\/IC3815","occupancy":{"name":"unknown","@id":"http:\/\/api.irail.be\/terms\/unknown"}},{"id":"33","delay":"0","station":"Tournai","stationinfo":{"locationX":"3.396942","locationY":"50.613134","id":"BE.NMBS.008885001","name":"Tournai","@id":"http:\/\/irail.be\/stations\/NMBS\/008885001","standardname":"Tournai"},"time":"1646318760","vehicle":"BE.NMBS.IC936","vehicleinfo":{"name":"BE.NMBS.IC936","shortname":"IC936","number":"936","type":"IC","@id":"http:\/\/irail.be\/vehicle\/IC936"},"platform":"3","platforminfo":{"name":"3","normal":"1"},"canceled":"0","left":"0","isExtra":"0","departureConnection":"http:\/\/irail.be\/connections\/8881000\/20220303\/IC936","occupancy":{"name":"unknown","@id":"http:\/\/api.irail.be\/terms\/unknown"}},{"id":"34","delay":"0","station":"Liège-Guillemins","stationinfo":{"locationX":"5.566695","locationY":"50.62455","id":"BE.NMBS.008841004","name":"Li\u00e8ge-Guillemins","@id":"http:\/\/irail.be\/stations\/NMBS\/008841004","standardname":"Li\u00e8ge-Guillemins"},"time":"1646318880","vehicle":"BE.NMBS.IC1715","vehicleinfo":{"name":"BE.NMBS.IC1715","shortname":"IC1715","number":"1715","type":"IC","@id":"http:\/\/irail.be\/vehicle\/IC1715"},"platform":"4","platforminfo":{"name":"4","normal":"1"},"canceled":"0","left":"0","isExtra":"0","departureConnection":"http:\/\/irail.be\/connections\/8881000\/20220303\/IC1715","occupancy":{"name":"unknown","@id":"http:\/\/api.irail.be\/terms\/unknown"}},{"id":"35","delay":"0","station":"Moeskroen / Mouscron","stationinfo":{"locationX":"3.228448","locationY":"50.741005","id":"BE.NMBS.008885704","name":"Moeskroen \/ Mouscron","@id":"http:\/\/irail.be\/stations\/NMBS\/008885704","standardname":"Mouscron"},"time":"1646319060","vehicle":"BE.NMBS.L4665","vehicleinfo":{"name":"BE.NMBS.L4665","shortname":"L4665","number":"4665","type":"L","@id":"http:\/\/irail.be\/vehicle\/L4665"},"platform":"5","platforminfo":{"name":"5","normal":"1"},"canceled":"0","left":"0","isExtra":"0","departureConnection":"http:\/\/irail.be\/connections\/8881000\/20220303\/L4665","occupancy":{"name":"unknown","@id":"http:\/\/api.irail.be\/terms\/unknown"}},{"id":"36","delay":"0","station":"Geraardsbergen","stationinfo":{"locationX":"3.872328","locationY":"50.771137","id":"BE.NMBS.008895505","name":"Geraardsbergen","@id":"http:\/\/irail.be\/stations\/NMBS\/008895505","standardname":"Geraardsbergen"},"time":"1646319120","vehicle":"BE.NMBS.P8592","vehicleinfo":{"name":"BE.NMBS.P8592","shortname":"P8592","number":"8592","type":"P","@id":"http:\/\/irail.be\/vehicle\/P8592"},"platform":"7","platforminfo":{"name":"7","normal":"1"},"canceled":"0","left":"0","isExtra":"0","departureConnection":"http:\/\/irail.be\/connections\/8881000\/20220303\/P8592","occupancy":{"name":"unknown","@id":"http:\/\/api.irail.be\/terms\/unknown"}},{"id":"37","delay":"0","station":"La Louvière-Sud","stationinfo":{"locationX":"4.190609","locationY":"50.464974","id":"BE.NMBS.008882206","name":"La Louvi\u00e8re-Sud","@id":"http:\/\/irail.be\/stations\/NMBS\/008882206","standardname":"La Louvi\u00e8re-Sud"},"time":"1646319240","vehicle":"BE.NMBS.L4465","vehicleinfo":{"name":"BE.NMBS.L4465","shortname":"L4465","number":"4465","type":"L","@id":"http:\/\/irail.be\/vehicle\/L4465"},"platform":"5","platforminfo":{"name":"5","normal":"1"},"canceled":"0","left":"0","isExtra":"0","departureConnection":"http:\/\/irail.be\/connections\/8881000\/20220303\/L4465","occupancy":{"name":"unknown","@id":"http:\/\/api.irail.be\/terms\/unknown"}},{"id":"38","delay":"0","station":"Quievrain","stationinfo":{"locationX":"3.68608","locationY":"50.410103","id":"BE.NMBS.008884335","name":"Quievrain","@id":"http:\/\/irail.be\/stations\/NMBS\/008884335","standardname":"Quievrain"},"time":"1646320440","vehicle":"BE.NMBS.IC1736","vehicleinfo":{"name":"BE.NMBS.IC1736","shortname":"IC1736","number":"1736","type":"IC","@id":"http:\/\/irail.be\/vehicle\/IC1736"},"platform":"3","platforminfo":{"name":"3","normal":"1"},"canceled":"0","left":"0","isExtra":"0","departureConnection":"http:\/\/irail.be\/connections\/8881000\/20220303\/IC1736","occupancy":{"name":"unknown","@id":"http:\/\/api.irail.be\/terms\/unknown"}},{"id":"39","delay":"0","station":"Namur","stationinfo":{"locationX":"4.86222","locationY":"50.468794","id":"BE.NMBS.008863008","name":"Namur","@id":"http:\/\/irail.be\/stations\/NMBS\/008863008","standardname":"Namur"},"time":"1646320500","vehicle":"BE.NMBS.IC915","vehicleinfo":{"name":"BE.NMBS.IC915","shortname":"IC915","number":"915","type":"IC","@id":"http:\/\/irail.be\/vehicle\/IC915"},"platform":"5","platforminfo":{"name":"5","normal":"1"},"canceled":"0","left":"0","isExtra":"0","departureConnection":"http:\/\/irail.be\/connections\/8881000\/20220303\/IC915","occupancy":{"name":"unknown","@id":"http:\/\/api.irail.be\/terms\/unknown"}},{"id":"40","delay":"0","station":"Tournai","stationinfo":{"locationX":"3.396942","locationY":"50.613134","id":"BE.NMBS.008885001","name":"Tournai","@id":"http:\/\/irail.be\/stations\/NMBS\/008885001","standardname":"Tournai"},"time":"1646320740","vehicle":"BE.NMBS.P8861","vehicleinfo":{"name":"BE.NMBS.P8861","shortname":"P8861","number":"8861","type":"P","@id":"http:\/\/irail.be\/vehicle\/P8861"},"platform":"7","platforminfo":{"name":"7","normal":"1"},"canceled":"0","left":"0","isExtra":"0","departureConnection":"http:\/\/irail.be\/connections\/8881000\/20220303\/P8861","occupancy":{"name":"unknown","@id":"http:\/\/api.irail.be\/terms\/unknown"}},{"id":"41","delay":"0","station":"Brussels Airport - Zaventem","stationinfo":{"locationX":"4.482076","locationY":"50.896456","id":"BE.NMBS.008819406","name":"Brussels Airport - Zaventem","@id":"http:\/\/irail.be\/stations\/NMBS\/008819406","standardname":"Brussels Airport - Zaventem"},"time":"1646320860","vehicle":"BE.NMBS.IC3716","vehicleinfo":{"name":"BE.NMBS.IC3716","shortname":"IC3716","number":"3716","type":"IC","@id":"http:\/\/irail.be\/vehicle\/IC3716"},"platform":"6","platforminfo":{"name":"6","normal":"1"},"canceled":"0","left":"0","isExtra":"0","departureConnection":"http:\/\/irail.be\/connections\/8881000\/20220303\/IC3716","occupancy":{"name":"unknown","@id":"http:\/\/api.irail.be\/terms\/unknown"}},{"id":"42","delay":"0","station":"Quevy","stationinfo":{"locationX":"3.909489","locationY":"50.341534","id":"BE.NMBS.008881505","name":"Quevy","@id":"http:\/\/irail.be\/stations\/NMBS\/008881505","standardname":"Quevy"},"time":"1646320920","vehicle":"BE.NMBS.L4686","vehicleinfo":{"name":"BE.NMBS.L4686","shortname":"L4686","number":"4686","type":"L","@id":"http:\/\/irail.be\/vehicle\/L4686"},"platform":"4","platforminfo":{"name":"4","normal":"1"},"canceled":"0","left":"0","isExtra":"0","departureConnection":"http:\/\/irail.be\/connections\/8881000\/20220303\/L4686","occupancy":{"name":"unknown","@id":"http:\/\/api.irail.be\/terms\/unknown"}},{"id":"43","delay":"0","station":"Manage","stationinfo":{"locationX":"4.234683","locationY":"50.506108","id":"BE.NMBS.008882701","name":"Manage","@id":"http:\/\/irail.be\/stations\/NMBS\/008882701","standardname":"Manage"},"time":"1646320920","vehicle":"BE.NMBS.P8775","vehicleinfo":{"name":"BE.NMBS.P8775","shortname":"P8775","number":"8775","type":"P","@id":"http:\/\/irail.be\/vehicle\/P8775"},"platform":"3","platforminfo":{"name":"3","normal":"1"},"canceled":"0","left":"0","isExtra":"0","departureConnection":"http:\/\/irail.be\/connections\/8881000\/20220303\/P8775","occupancy":{"name":"unknown","@id":"http:\/\/api.irail.be\/terms\/unknown"}},{"id":"44","delay":"0","station":"Geraardsbergen","stationinfo":{"locationX":"3.872328","locationY":"50.771137","id":"BE.NMBS.008895505","name":"Geraardsbergen","@id":"http:\/\/irail.be\/stations\/NMBS\/008895505","standardname":"Geraardsbergen"},"time":"1646321040","vehicle":"BE.NMBS.L4887","vehicleinfo":{"name":"BE.NMBS.L4887","shortname":"L4887","number":"4887","type":"L","@id":"http:\/\/irail.be\/vehicle\/L4887"},"platform":"4","platforminfo":{"name":"4","normal":"1"},"canceled":"0","left":"0","isExtra":"0","departureConnection":"http:\/\/irail.be\/connections\/8881000\/20220303\/L4887","occupancy":{"name":"unknown","@id":"http:\/\/api.irail.be\/terms\/unknown"}},{"id":"45","delay":"0","station":"Quievrain","stationinfo":{"locationX":"3.68608","locationY":"50.410103","id":"BE.NMBS.008884335","name":"Quievrain","@id":"http:\/\/irail.be\/stations\/NMBS\/008884335","standardname":"Quievrain"},"time":"1646321760","vehicle":"BE.NMBS.P8561","vehicleinfo":{"name":"BE.NMBS.P8561","shortname":"P8561","number":"8561","type":"P","@id":"http:\/\/irail.be\/vehicle\/P8561"},"platform":"7","platforminfo":{"name":"7","normal":"1"},"canceled":"0","left":"0","isExtra":"0","departureConnection":"http:\/\/irail.be\/connections\/8881000\/20220303\/P8561","occupancy":{"name":"unknown","@id":"http:\/\/api.irail.be\/terms\/unknown"}},{"id":"46","delay":"0","station":"Herstal","stationinfo":{"locationX":"5.622761","locationY":"50.660911","id":"BE.NMBS.008841608","name":"Herstal","@id":"http:\/\/irail.be\/stations\/NMBS\/008841608","standardname":"Herstal"},"time":"1646321940","vehicle":"BE.NMBS.IC3816","vehicleinfo":{"name":"BE.NMBS.IC3816","shortname":"IC3816","number":"3816","type":"IC","@id":"http:\/\/irail.be\/vehicle\/IC3816"},"platform":"5","platforminfo":{"name":"5","normal":"1"},"canceled":"0","left":"0","isExtra":"0","departureConnection":"http:\/\/irail.be\/connections\/8881000\/20220303\/IC3816","occupancy":{"name":"unknown","@id":"http:\/\/api.irail.be\/terms\/unknown"}},{"id":"47","delay":"0","station":"Kortrijk","stationinfo":{"locationX":"3.264549","locationY":"50.824506","id":"BE.NMBS.008896008","name":"Kortrijk","@id":"http:\/\/irail.be\/stations\/NMBS\/008896008","standardname":"Kortrijk"},"time":"1646322360","vehicle":"BE.NMBS.IC937","vehicleinfo":{"name":"BE.NMBS.IC937","shortname":"IC937","number":"937","type":"IC","@id":"http:\/\/irail.be\/vehicle\/IC937"},"platform":"4","platforminfo":{"name":"4","normal":"1"},"canceled":"0","left":"0","isExtra":"0","departureConnection":"http:\/\/irail.be\/connections\/8881000\/20220303\/IC937","occupancy":{"name":"unknown","@id":"http:\/\/api.irail.be\/terms\/unknown"}},{"id":"48","delay":"0","station":"Liège-Guillemins","stationinfo":{"locationX":"5.566695","locationY":"50.62455","id":"BE.NMBS.008841004","name":"Li\u00e8ge-Guillemins","@id":"http:\/\/irail.be\/stations\/NMBS\/008841004","standardname":"Li\u00e8ge-Guillemins"},"time":"1646322480","vehicle":"BE.NMBS.IC1716","vehicleinfo":{"name":"BE.NMBS.IC1716","shortname":"IC1716","number":"1716","type":"IC","@id":"http:\/\/irail.be\/vehicle\/IC1716"},"platform":"5","platforminfo":{"name":"5","normal":"1"},"canceled":"0","left":"0","isExtra":"0","departureConnection":"http:\/\/irail.be\/connections\/8881000\/20220303\/IC1716","occupancy":{"name":"unknown","@id":"http:\/\/api.irail.be\/terms\/unknown"}},{"id":"49","delay":"0","station":"Quevy","stationinfo":{"locationX":"3.909489","locationY":"50.341534","id":"BE.NMBS.008881505","name":"Quevy","@id":"http:\/\/irail.be\/stations\/NMBS\/008881505","standardname":"Quevy"},"time":"1646322600","vehicle":"BE.NMBS.P8880","vehicleinfo":{"name":"BE.NMBS.P8880","shortname":"P8880","number":"8880","type":"P","@id":"http:\/\/irail.be\/vehicle\/P8880"},"platform":"7","platforminfo":{"name":"7","normal":"1"},"canceled":"0","left":"0","isExtra":"0","departureConnection":"http:\/\/irail.be\/connections\/8881000\/20220303\/P8880","occupancy":{"name":"unknown","@id":"http:\/\/api.irail.be\/terms\/unknown"}}]}}