{"version":"1.1","timestamp":"1646306316","station":"Liège-Guillemins","stationinfo":{"locationX":"5.566695","locationY":"50.62455","id":"BE.NMBS.008841004","name":"Li\u00e8ge-Guillemins","@id":"http:\/\/irail.be\/stations\/NMBS\/008841004","standardname":"Li\u00e8ge-Guillemins"},"departures":{"number":"50","departure":[{"id":"0","delay":"60","station":"Verviers-Central","stationinfo":{"locationX":"5.854917","locationY":"50.588135","id":"BE.NMBS.008844008","name":"Verviers-Central","@id":"http:\/\/irail.be\/stations\/NMBS\/008844008","standardname":"Verviers-Central"},"time":"1646306340","vehicle":"BE.NMBS.S415262","vehicleinfo":{"name":"BE.NMBS.S415262","shortname":"S415262","number":"5262","type":"S41","@id":"http:\/\/irail.be\/vehicle\/S415262"},"platform":"2","platforminfo":{"name":"2","normal":"1"},"canceled":"0","left":"0","isExtra":"0","departureConnection":"http:\/\/irail.be\/connections\/8841004\/20220303\/S415262","occupancy":{"name":"unknown","@id":"http:\/\/api.irail.be\/terms\/unknown"}},{"id":"1","delay":"0","station":"Hasselt","stationinfo":{"locationX":"5.327627","locationY":"50.930822","id":"BE.NMBS.008831005","name":"Hasselt","@id":"http:\/\/irail.be\/stations\/NMBS\/008831005","standardname":"Hasselt"},"time":"1646306580","vehicle":"BE.NMBS.S435383","vehicleinfo":{"name":"BE.NMBS.S435383","shortname":"S435383","number":"5383","type":"S43","@id":"http:\/\/irail.be\/vehicle\/S435383"},"platform":"8","platforminfo":{"name":"8","normal":"1"},"canceled":"0","left":"0","isExtra":"0","departureConnection":"http:\/\/irail.be\/connections\/8841004\/20220303\/S435383","occupancy":{"name":"unknown","@id":"http:\/\/api.irail.be\/terms\/unknown"}},{"id":"2","delay":"0","station":"Mons","stationinfo":{"locationX":"3.942542","locationY":"50.453854","id":"BE.NMBS.008881000","name":"Mons","@id":"http:\/\/irail.be\/stations\/NMBS\/008881000","standardname":"Mons"},"time":"1646306640","vehicle":"BE.NMBS.IC3834","vehicleinfo":{"name":"BE.NMBS.IC3834","shortname":"IC3834","number":"3834","type":"IC","@id":"http:\/\/irail.be\/vehicle\/IC3834"},"platform":"6","platforminfo":{"name":"6","normal":"1"},"canceled":"0","left":"0","isExtra":"0","departureConnection":"http:\/\/irail.be\/connections\/8841004\/20220303\/IC3834","occupancy":{"name":"unknown","@id":"http:\/\/api.irail.be\/terms\/unknown"}},{"id":"3","delay":"0","station":"Kortrijk","stationinfo":{"locationX":"3.264549","locationY":"50.824506","id":"BE.NMBS.008896008","name":"Kortrijk","@id":"http:\/\/irail.be\/stations\/NMBS\/008896008","standardname":"Kortrijk"},"time":"1646306880","vehicle":"BE.NMBS.IC434","vehicleinfo":{"name":"BE.NMBS.IC434","shortname":"IC434","number":"434","type":"IC","@id":"http:\/\/irail.be\/vehicle\/IC434"},"platform":"3","platforminfo":{"name":"3","normal":"1"},"canceled":"0","left":"0","isExtra":"0","departureConnection":"http:\/\/irail.be\/connections\/8841004\/20220303\/IC434","occupancy":{"name":"unknown","@id":"http:\/\/api.irail.be\/terms\/unknown"}},{"id":"4","delay":"0","station":"Flemalle-Haute","stationinfo":{"locationX":"5.457656","locationY":"50.595308","id":"BE.NMBS.008843208","name":"Flemalle-Haute","@id":"http:\/\/irail.be\/stations\/NMBS\/008843208","standardname":"Flemalle-Haute"},"time":"1646306940","vehicle":"BE.NMBS.S445161","vehicleinfo":{"name":"BE.NMBS.S445161","shortname":"S445161","number":"5161","type":"S44","@id":"http:\/\/irail.be\/vehicle\/S445161"},"platform":"5","platforminfo":{"name":"5","normal":"1"},"canceled":"0","left":"0","isExtra":"0","departureConnection":"http:\/\/irail.be\/connections\/8841004\/20220303\/S445161","occupancy":{"name":"unknown","@id":"http:\/\/api.irail.be\/terms\/unknown"}},{"id":"5","delay":"0","station":"Waremme","stationinfo":{"locationX":"5.249475","locationY":"50.694549","id":"BE.NMBS.008841400","name":"Waremme","@id":"http:\/\/irail.be\/stations\/NMBS\/008841400","standardname":"Waremme"},"time":"1646307360","vehicle":"BE.NMBS.S445183","vehicleinfo":{"name":"BE.NMBS.S445183","shortname":"S445183","number":"5183","type":"S44","@id":"http:\/\/irail.be\/vehicle\/S445183"},"platform":"6","platforminfo":{"name":"6","normal":"1"},"canceled":"0","left":"0","isExtra":"0","departureConnection":"http:\/\/irail.be\/connections\/8841004\/20220303\/S445183","occupancy":{"name":"unknown","@id":"http:\/\/api.irail.be\/terms\/unknown"}},{"id":"6","delay":"60","station":"Herstal","stationinfo":{"locationX":"5.622761","locationY":"50.660911","id":"BE.NMBS.008841608","name":"Herstal","@id":"http:\/\/irail.be\/stations\/NMBS\/008841608","standardname":"Herstal"},"time":"1646307480","vehicle":"BE.NMBS.IC3810","vehicleinfo":{"name":"BE.NMBS.IC3810","shortname":"IC3810","number":"3810","type":"IC","@id":"http:\/\/irail.be\/vehicle\/IC3810"},"platform":"9","platforminfo":{"name":"9","normal":"1"},"canceled":"0","left":"0","isExtra":"0","departureConnection":"http:\/\/irail.be\/connections\/8841004\/20220303\/IC3810","occupancy":{"name":"unknown","@id":"http:\/\/api.irail.be\/terms\/unknown"}},{"id":"7","delay":"0","station":"Maastricht","stationinfo":{"locationX":"5.70539200","locationY":"50.8500000","id":"BE.NMBS.008400424","name":"Maastricht","@id":"http:\/\/irail.be\/stations\/NMBS\/008400424","standardname":"Maastricht"},"time":"1646307600","vehicle":"BE.NMBS.S435361","vehicleinfo":{"name":"BE.NMBS.S435361","shortname":"S435361","number":"5361","type":"S43","@id":"http:\/\/irail.be\/vehicle\/S435361"},"platform":"2","platforminfo":{"name":"2","normal":"1"},"canceled":"0","left":"0","isExtra":"0","departureConnection":"http:\/\/irail.be\/connections\/8841004\/20220303\/S435361","occupancy":{"name":"unknown","@id":"http:\/\/api.irail.be\/terms\/unknown"}},{"id":"8","delay":"0","station":"Liège-Saint-Lambert","stationinfo":{"locationX":"5.570453","locationY":"50.646349","id":"BE.NMBS.008841525","name":"Li\u00e8ge-Saint-Lambert","@id":"http:\/\/irail.be\/stations\/NMBS\/008841525","standardname":"Li\u00e8ge-Saint-Lambert"},"time":"1646307780","vehicle":"BE.NMBS.S415282","vehicleinfo":{"name":"BE.NMBS.S415282","shortname":"S415282","number":"5282","type":"S41","@id":"http:\/\/irail.be\/vehicle\/S415282"},"platform":"5","platforminfo":{"name":"5","normal":"1"},"canceled":"0","left":"0","isExtra":"0","departureConnection":"http:\/\/irail.be\/connections\/8841004\/20220303\/S415282","occupancy":{"name":"unknown","@id":"http:\/\/api.irail.be\/terms\/unknown"}},{"id":"9","delay":"0","station":"Brussels-South/Brussels-Midi","stationinfo":{"locationX":"4.336531","locationY":"50.835707","id":"BE.NMBS.008814001","name":"Brussels-South\/Brussels-Midi","@id":"http:\/\/irail.be\/stations\/NMBS\/008814001","standardname":"Brussel-Zuid\/Bruxelles-Midi"},"time":"1646307960","vehicle":"BE.NMBS.ICE16","vehicleinfo":{"name":"BE.NMBS.ICE16","shortname":"ICE16","number":"16","type":"ICE","@id":"http:\/\/irail.be\/vehicle\/ICE16"},"platform":"1","platforminfo":{"name":"1","normal":"1"},"canceled":"0","left":"0","isExtra":"0","departureConnection":"http:\/\/irail.be\/connections\/8841004\/20220303\/ICE16","occupancy":{"name":"unknown","@id":"http:\/\/api.irail.be\/terms\/unknown"}},{"id":"10","delay":"0","station":"Liers","stationinfo":{"locationX":"5.56683","locationY":"50.698181","id":"BE.NMBS.008841673","name":"Liers","@id":"http:\/\/irail.be\/stations\/NMBS\/008841673","standardname":"Liers"},"time":"1646308080","vehicle":"BE.NMBS.L5583","vehicleinfo":{"name":"BE.NMBS.L5583","shortname":"L5583","number":"5583","type":"L","@id":"http:\/\/irail.be\/vehicle\/L5583"},"platform":"9","platforminfo":{"name":"9","normal":"1"},"canceled":"0","left":"0","isExtra":"0","departureConnection":"http:\/\/irail.be\/connections\/8841004\/20220303\/L5583","occupancy":{"name":"unknown","@id":"http:\/\/api.irail.be\/terms\/unknown"}},{"id":"11","delay":"0","station":"Brussels-South/Brussels-Midi","stationinfo":{"locationX":"4.336531","locationY":"50.835707","id":"BE.NMBS.008814001","name":"Brussels-South\/Brussels-Midi","@id":"http:\/\/irail.be\/stations\/NMBS\/008814001","standardname":"Brussel-Zuid\/Bruxelles-Midi"},"time":"1646308200","vehicle":"BE.NMBS.IC2434","vehicleinfo":{"name":"BE.NMBS.IC2434","shortname":"IC2434","number":"2434","type":"IC","@id":"http:\/\/irail.be\/vehicle\/IC2434"},"platform":"6","platforminfo":{"name":"6","normal":"1"},"canceled":"0","left":"0","isExtra":"0","departureConnection":"http:\/\/irail.be\/connections\/8841004\/20220303\/IC2434","occupancy":{"name":"unknown","@id":"http:\/\/api.irail.be\/terms\/unknown"}},{"id":"12","delay":"0","station":"Quievrain","stationinfo":{"locationX":"3.68608","locationY":"50.410103","id":"BE.NMBS.008884335","name":"Quievrain","@id":"http:\/\/irail.be\/stations\/NMBS\/008884335","standardname":"Quievrain"},"time":"1646308500","vehicle":"BE.NMBS.IC1735","vehicleinfo":{"name":"BE.NMBS.IC1735","shortname":"IC1735","number":"1735","type":"IC","@id":"http:\/\/irail.be\/vehicle\/IC1735"},"platform":"4","platforminfo":{"name":"4","normal":"1"},"canceled":"0","left":"0","isExtra":"0","departureConnection":"http:\/\/irail.be\/connections\/8841004\/20220303\/IC1735","occupancy":{"name":"unknown","@id":"http:\/\/api.irail.be\/terms\/unknown"}},{"id":"13","delay":"0","station":"Oostende","stationinfo":{"locationX":"2.925809","locationY":"51.228212","id":"BE.NMBS.008891702","name":"Oostende","@id":"http:\/\/irail.be\/stations\/NMBS\/008891702","standardname":"Oostende"},"time":"1646308860","vehicle":"BE.NMBS.IC535","vehicleinfo":{"name":"BE.NMBS.IC535","shortname":"IC535","number":"535","type":"IC","@id":"http:\/\/irail.be\/vehicle\/IC535"},"platform":"2","platforminfo":{"name":"2","normal":"1"},"canceled":"0","left":"0","isExtra":"0","departureConnection":"http:\/\/irail.be\/connections\/8841004\/20220303\/IC535","occupancy":{"name":"unknown","@id":"http:\/\/api.irail.be\/terms\/unknown"}},{"id":"14","delay":"0","station":"Eupen","stationinfo":{"locationX":"6.03711","locationY":"50.635157","id":"BE.NMBS.008844628","name":"Eupen","@id":"http:\/\/irail.be\/stations\/NMBS\/008844628","standardname":"Eupen"},"time":"1646308980","vehicle":"BE.NMBS.IC510","vehicleinfo":{"name":"BE.NMBS.IC510","shortname":"IC510","number":"510","type":"IC","@id":"http:\/\/irail.be\/vehicle\/IC510"},"platform":"1","platforminfo":{"name":"1","normal":"1"},"canceled":"0","left":"0","isExtra":"0","departureConnection":"http:\/\/irail.be\/connections\/8841004\/20220303\/IC510","occupancy":{"name":"unknown","@id":"http:\/\/api.irail.be\/terms\/unknown"}},{"id":"15","delay":"0","station":"Lëtzebuerg","stationinfo":{"locationX":"6.133331","locationY":"49.599996","id":"BE.NMBS.008200100","name":"L\u00ebtzebuerg","@id":"http:\/\/irail.be\/stations\/NMBS\/008200100","standardname":"L\u00ebtzebuerg"},"time":"1646309220","vehicle":"BE.NMBS.IC5313","vehicleinfo":{"name":"BE.NMBS.IC5313","shortname":"IC5313","number":"5313","type":"IC","@id":"http:\/\/irail.be\/vehicle\/IC5313"},"platform":"5","platforminfo":{"name":"5","normal":"1"},"canceled":"0","left":"0","isExtra":"0","departureConnection":"http:\/\/irail.be\/connections\/8841004\/20220303\/IC5313","occupancy":{"name":"unknown","@id":"http:\/\/api.irail.be\/terms\/unknown"}},{"id":"16","delay":"0","station":"Namur","stationinfo":{"locationX":"4.86222","locationY":"50.468794","id":"BE.NMBS.008863008","name":"Namur","@id":"http:\/\/irail.be\/stations\/NMBS\/008863008","standardname":"Namur"},"time":"1646309400","vehicle":"BE.NMBS.L4984","vehicleinfo":{"name":"BE.NMBS.L4984","shortname":"L4984","number":"4984","type":"L","@id":"http:\/\/irail.be\/vehicle\/L4984"},"platform":"7","platforminfo":{"name":"7","normal":"0"},"canceled":"0","left":"0","isExtra":"0","departureConnection":"http:\/\/irail.be\/connections\/8841004\/20220303\/L4984","occupancy":{"name":"unknown","@id":"http:\/\/api.irail.be\/terms\/unknown"}},{"id":"17","delay":"0","station":"Liège-Saint-Lambert","stationinfo":{"locationX":"5.570453","locationY":"50.646349","id":"BE.NMBS.008841525","name":"Li\u00e8ge-Saint-Lambert","@id":"http:\/\/irail.be\/stations\/NMBS\/008841525","standardname":"Li\u00e8ge-Saint-Lambert"},"time":"1646309520","vehicle":"BE.NMBS.IC2411","vehicleinfo":{"name":"BE.NMBS.IC2411","shortname":"IC2411","number":"2411","type":"IC","@id":"http:\/\/irail.be\/vehicle\/IC2411"},"platform":"9","platforminfo":{"name":"9","normal":"1"},"canceled":"0","left":"0","isExtra":"0","departureConnection":"http:\/\/irail.be\/connections\/8841004\/20220303\/IC2411","occupancy":{"name":"unknown","@id":"http:\/\/api.irail.be\/terms\/unknown"}},{"id":"18","delay":"0","station":"Frankfurt am Main Hbf","stationinfo":{"locationX":"8.6653708","locationY":"50.1071318","id":"BE.NMBS.008011068","name":"Frankfurt am Main Hbf","@id":"http:\/\/irail.be\/stations\/NMBS\/008011068","standardname":"Frankfurt am Main Hbf"},"time":"1646309640","vehicle":"BE.NMBS.ICE315","vehicleinfo":{"name":"BE.NMBS.ICE315","shortname":"ICE315","number":"315","type":"ICE","@id":"http:\/\/irail.be\/vehicle\/ICE315"},"platform":"1","platforminfo":{"name":"1","normal":"1"},"canceled":"0","left":"0","isExtra":"0","departureConnection":"http:\/\/irail.be\/connections\/8841004\/20220303\/ICE315","occupancy":{"name":"unknown","@id":"http:\/\/api.irail.be\/terms\/unknown"}},{"id":"19","delay":"0","station":"Marloie","stationinfo":{"locationX":"5.313892","locationY":"50.202821","id":"BE.NMBS.008864345","name":"Marloie","@id":"http:\/\/irail.be\/stations\/NMBS\/008864345","standardname":"Marloie"},"time":"1646309760","vehicle":"BE.NMBS.L5562","vehicleinfo":{"name":"BE.NMBS.L5562","shortname":"L5562","number":"5562","type":"L","@id":"http:\/\/irail.be\/vehicle\/L5562"},"platform":"6","platforminfo":{"name":"6","normal":"1"},"canceled":"0","left":"0","isExtra":"0","departureConnection":"http:\/\/irail.be\/connections\/8841004\/20220303\/L5562","occupancy":{"name":"unknown","@id":"http:\/\/api.irail.be\/terms\/unknown"}},{"id":"20","delay":"0","station":"Verviers-Central","stationinfo":{"locationX":"5.854917","locationY":"50.588135","id":"BE.NMBS.008844008","name":"Verviers-Central","@id":"http:\/\/irail.be\/stations\/NMBS\/008844008","standardname":"Verviers-Central"},"time":"1646309940","vehicle":"BE.NMBS.S415263","vehicleinfo":{"name":"BE.NMBS.S415263","shortname":"S415263","number":"5263","type":"S41","@id":"http:\/\/irail.be\/vehicle\/S415263"},"platform":"2","platforminfo":{"name":"2","normal":"1"},"canceled":"0","left":"0","isExtra":"0","departureConnection":"http:\/\/irail.be\/connections\/8841004\/20220303\/S415263","occupancy":{"name":"unknown","@id":"http:\/\/api.irail.be\/terms\/unknown"}},{"id":"21","delay":"0","station":"Hasselt","stationinfo":{"locationX":"5.327627","locationY":"50.930822","id":"BE.NMBS.008831005","name":"Hasselt","@id":"http:\/\/irail.be\/stations\/NMBS\/008831005","standardname":"Hasselt"},"time":"1646310180","vehicle":"BE.NMBS.S435384","vehicleinfo":{"name":"BE.NMBS.S435384","shortname":"S435384","number":"5384","type":"S43","@id":"http:\/\/irail.be\/vehicle\/S435384"},"platform":"8","platforminfo":{"name":"8","normal":"1"},"canceled":"0","left":"0","isExtra":"0","departureConnection":"http:\/\/irail.be\/connections\/8841004\/20220303\/S435384","occupancy":{"name":"unknown","@id":"http:\/\/api.irail.be\/terms\/unknown"}},{"id":"22","delay":"0","station":"Mons","stationinfo":{"locationX":"3.942542","locationY":"50.453854","id":"BE.NMBS.008881000","name":"Mons","@id":"http:\/\/irail.be\/stations\/NMBS\/008881000","standardname":"Mons"},"time":"1646310240","vehicle":"BE.NMBS.IC3835","vehicleinfo":{"name":"BE.NMBS.IC3835","shortname":"IC3835","number":"3835","type":"IC","@id":"http:\/\/irail.be\/vehicle\/IC3835"},"platform":"6","platforminfo":{"name":"6","normal":"1"},"canceled":"0","left":"0","isExtra":"0","departureConnection":"http:\/\/irail.be\/connections\/8841004\/20220303\/IC3835","occupancy":{"name":"unknown","@id":"http:\/\/api.irail.be\/terms\/unknown"}},{"id":"23","delay":"0","station":"Kortrijk","stationinfo":{"locationX":"3.264549","locationY":"50.824506","id":"BE.NMBS.008896008","name":"Kortrijk","@id":"http:\/\/irail.be\/stations\/NMBS\/008896008","standardname":"Kortrijk"},"time":"1646310480","vehicle":"BE.NMBS.IC435","vehicleinfo":{"name":"BE.NMBS.IC435","shortname":"IC435","number":"435","type":"IC","@id":"http:\/\/irail.be\/vehicle\/IC435"},"platform":"3","platforminfo":{"name":"3","normal":"1"},"canceled":"0","left":"0","isExtra":"0","departureConnection":"http:\/\/irail.be\/connections\/8841004\/20220303\/IC435","occupancy":{"name":"unknown","@id":"http:\/\/api.irail.be\/terms\/unknown"}},{"id":"24","delay":"0","station":"Flemalle-Haute","stationinfo":{"locationX":"5.457656","locationY":"50.595308","id":"BE.NMBS.008843208","name":"Flemalle-Haute","@id":"http:\/\/irail.be\/stations\/NMBS\/008843208","standardname":"Flemalle-Haute"},"time":"1646310540","vehicle":"BE.NMBS.S445162","vehicleinfo":{"name":"BE.NMBS.S445162","shortname":"S445162","number":"5162","type":"S44","@id":"http:\/\/irail.be\/vehicle\/S445162"},"platform":"5","platforminfo":{"name":"5","normal":"1"},"canceled":"0","left":"0","isExtra":"0","departureConnection":"http:\/\/irail.be\/connections\/8841004\/20220303\/S445162","occupancy":{"name":"unknown","@id":"http:\/\/api.irail.be\/terms\/unknown"}},{"id":"25","delay":"0","station":"Welkenraedt","stationinfo":{"locationX":"5.975381","locationY":"50.659707","id":"BE.NMBS.008844503","name":"Welkenraedt","@id":"http:\/\/irail.be\/stations\/NMBS\/008844503","standardname":"Welkenraedt"},"time":"1646310960","vehicle":"BE.NMBS.IC411","vehicleinfo":{"name":"BE.NMBS.IC411","shortname":"IC411","number":"411","type":"IC","@id":"http:\/\/irail.be\/vehicle\/IC411"},"platform":"1","platforminfo":{"name":"1","normal":"1"},"canceled":"0","left":"0","isExtra":"0","departureConnection":"http:\/\/irail.be\/connections\/8841004\/20220303\/IC411","occupancy":{"name":"unknown","@id":"http:\/\/api.irail.be\/terms\/unknown"}},{"id":"26","delay":"0","station":"Waremme","stationinfo":{"locationX":"5.249475","locationY":"50.694549","id":"BE.NMBS.008841400","name":"Waremme","@id":"http:\/\/irail.be\/stations\/NMBS\/008841400","standardname":"Waremme"},"time":"1646310960","vehicle":"BE.NMBS.S445184","vehicleinfo":{"name":"BE.NMBS.S445184","shortname":"S445184","number":"5184","type":"S44","@id":"http:\/\/irail.be\/vehicle\/S445184"},"platform":"6","platforminfo":{"name":"6","normal":"1"},"canceled":"0","left":"0","isExtra":"0","departureConnection":"http:\/\/irail.be\/connections\/8841004\/20220303\/S445184","occupancy":{"name":"unknown","@id":"http:\/\/api.irail.be\/terms\/unknown"}},{"id":"27","delay":"0","station":"Herstal","stationinfo":{"locationX":"5.622761","locationY":"50.660911","id":"BE.NMBS.008841608","name":"Herstal","@id":"http:\/\/irail.be\/stations\/NMBS\/008841608","standardname":"Herstal"},"time":"1646311080","vehicle":"BE.NMBS.IC3811","vehicleinfo":{"name":"BE.NMBS.IC3811","shortname":"IC3811","number":"3811","type":"IC","@id":"http:\/\/irail.be\/vehicle\/IC3811"},"platform":"9","platforminfo":{"name":"9","normal":"1"},"canceled":"0","left":"0","isExtra":"0","departureConnection":"http:\/\/irail.be\/connections\/8841004\/20220303\/IC3811","occupancy":{"name":"unknown","@id":"http:\/\/api.irail.be\/terms\/unknown"}},{"id":"28","delay":"0","station":"Maastricht","stationinfo":{"locationX":"5.70539200","locationY":"50.8500000","id":"BE.NMBS.008400424","name":"Maastricht","@id":"http:\/\/irail.be\/stations\/NMBS\/008400424","standardname":"Maastricht"},"time":"1646311200","vehicle":"BE.NMBS.S435362","vehicleinfo":{"name":"BE.NMBS.S435362","shortname":"S435362","number":"5362","type":"S43","@id":"http:\/\/irail.be\/vehicle\/S435362"},"platform":"2","platforminfo":{"name":"2","normal":"0"},"canceled":"0","left":"0","isExtra":"0","departureConnection":"http:\/\/irail.be\/connections\/8841004\/20220303\/S435362","occupancy":{"name":"unknown","@id":"http:\/\/api.irail.be\/terms\/unknown"}},{"id":"29","delay":"0","station":"Liège-Saint-Lambert","stationinfo":{"locationX":"5.570453","locationY":"50.646349","id":"BE.NMBS.008841525","name":"Li\u00e8ge-Saint-Lambert","@id":"http:\/\/irail.be\/stations\/NMBS\/008841525","standardname":"Li\u00e8ge-Saint-Lambert"},"time":"1646311380","vehicle":"BE.NMBS.S415283","vehicleinfo":{"name":"BE.NMBS.S415283","shortname":"S415283","number":"5283","type":"S41","@id":"http:\/\/irail.be\/vehicle\/S415283"},"platform":"7","platforminfo":{"name":"7","normal":"1"},"canceled":"0","left":"0","isExtra":"0","departureConnection":"http:\/\/irail.be\/connections\/8841004\/20220303\/S415283","occupancy":{"name":"unknown","@id":"http:\/\/api.irail.be\/terms\/unknown"}},{"id":"30","delay":"0","station":"Liers","stationinfo":{"locationX":"5.56683","locationY":"50.698181","id":"BE.NMBS.008841673","name":"Liers","@id":"http:\/\/irail.be\/stations\/NMBS\/008841673","standardname":"Liers"},"time":"1646311680","vehicle":"BE.NMBS.L5584","vehicleinfo":{"name":"BE.NMBS.L5584","shortname":"L5584","number":"5584","type":"L","@id":"http:\/\/irail.be\/vehicle\/L5584"},"platform":"9","platforminfo":{"name":"9","normal":"1"},"canceled":"0","left":"0","isExtra":"0","departureConnection":"http:\/\/irail.be\/connections\/8841004\/20220303\/L5584","occupancy":{"name":"unknown","@id":"http:\/\/api.irail.be\/terms\/unknown"}},{"id":"31","delay":"0","station":"Tournai","stationinfo":{"locationX":"3.396942","locationY":"50.613134","id":"BE.NMBS.008885001","name":"Tournai","@id":"http:\/\/irail.be\/stations\/NMBS\/008885001","standardname":"Tournai"},"time":"1646311800","vehicle":"BE.NMBS.IC2435","vehicleinfo":{"name":"BE.NMBS.IC2435","shortname":"IC2435","number":"2435","type":"IC","@id":"http:\/\/irail.be\/vehicle\/IC2435"},"platform":"6","platforminfo":{"name":"6","normal":"1"},"canceled":"0","left":"0","isExtra":"0","departureConnection":"http:\/\/irail.be\/connections\/8841004\/20220303\/IC2435","occupancy":{"name":"unknown","@id":"http:\/\/api.irail.be\/terms\/unknown"}},{"id":"32","delay":"0","station":"Paris Nord","stationinfo":{"locationX":"2.33333300","locationY":"48.8666670","id":"BE.NMBS.008727100","name":"Paris Nord","@id":"http:\/\/irail.be\/stations\/NMBS\/008727100","standardname":"Paris Nord"},"time":"1646311860","vehicle":"BE.NMBS.THA9448","vehicleinfo":{"name":"BE.NMBS.THA9448","shortname":"THA9448","number":"9448","type":"THA","@id":"http:\/\/irail.be\/vehicle\/THA9448"},"platform":"3","platforminfo":{"name":"3","normal":"1"},"canceled":"0","left":"0","isExtra":"0","departureConnection":"http:\/\/irail.be\/connections\/8841004\/20220303\/THA9448","occupancy":{"name":"unknown","@id":"http:\/\/api.irail.be\/terms\/unknown"}},{"id":"33","delay":"0","station":"Quievrain","stationinfo":{"locationX":"3.68608","locationY":"50.410103","id":"BE.NMBS.008884335","name":"Quievrain","@id":"http:\/\/irail.be\/stations\/NMBS\/008884335","standardname":"Quievrain"},"time":"1646312100","vehicle":"BE.NMBS.IC1736","vehicleinfo":{"name":"BE.NMBS.IC1736","shortname":"IC1736","number":"1736","type":"IC","@id":"http:\/\/irail.be\/vehicle\/IC1736"},"platform":"4","platforminfo":{"name":"4","normal":"1"},"canceled":"0","left":"0","isExtra":"0","departureConnection":"http:\/\/irail.be\/connections\/8841004\/20220303\/IC1736","occupancy":{"name":"unknown","@id":"http:\/\/api.irail.be\/terms\/unknown"}},{"id":"34","delay":"0","station":"Oostende","stationinfo":{"locationX":"2.925809","locationY":"51.228212","id":"BE.NMBS.008891702","name":"Oostende","@id":"http:\/\/irail.be\/stations\/NMBS\/008891702","standardname":"Oostende"},"time":"1646312460","vehicle":"BE.NMBS.IC536","vehicleinfo":{"name":"BE.NMBS.IC536","shortname":"IC536","number":"536","type":"IC","@id":"http:\/\/irail.be\/vehicle\/IC536"},"platform":"3","platforminfo":{"name":"3","normal":"1"},"canceled":"0","left":"0","isExtra":"0","departureConnection":"http:\/\/irail.be\/connections\/8841004\/20220303\/IC536","occupancy":{"name":"unknown","@id":"http:\/\/api.irail.be\/terms\/unknown"}},{"id":"35","delay":"0","station":"Eupen","stationinfo":{"locationX":"6.03711","locationY":"50.635157","id":"BE.NMBS.008844628","name":"Eupen","@id":"http:\/\/irail.be\/stations\/NMBS\/008844628","standardname":"Eupen"},"time":"1646312580","vehicle":"BE.NMBS.IC511","vehicleinfo":{"name":"BE.NMBS.IC511","shortname":"IC511","number":"511","type":"IC","@id":"http:\/\/irail.be\/vehicle\/IC511"},"platform":"1","platforminfo":{"name":"1","normal":"1"},"canceled":"0","left":"0","isExtra":"0","departureConnection":"http:\/\/irail.be\/connections\/8841004\/20220303\/IC511","occupancy":{"name":"unknown","@id":"http:\/\/api.irail.be\/terms\/unknown"}},{"id":"36","delay":"0","station":"Lëtzebuerg","stationinfo":{"locationX":"6.133331","locationY":"49.599996","id":"BE.NMBS.008200100","name":"L\u00ebtzebuerg","@id":"http:\/\/irail.be\/stations\/NMBS\/008200100","standardname":"L\u00ebtzebuerg"},"time":"1646312820","vehicle":"BE.NMBS.IC5314","vehicleinfo":{"name":"BE.NMBS.IC5314","shortname":"IC5314","number":"5314","type":"IC","@id":"http:\/\/irail.be\/vehicle\/IC5314"},"platform":"5","platforminfo":{"name":"5","normal":"1"},"canceled":"0","left":"0","isExtra":"0","departureConnection":"http:\/\/irail.be\/connections\/8841004\/20220303\/IC5314","occupancy":{"name":"unknown","@id":"http:\/\/api.irail.be\/terms\/unknown"}},{"id":"37","delay":"0","station":"Namur","stationinfo":{"locationX":"4.86222","locationY":"50.468794","id":"BE.NMBS.008863008","name":"Namur","@id":"http:\/\/irail.be\/stations\/NMBS\/008863008","standardname":"Namur"},"time":"1646313000","vehicle":"BE.NMBS.L4985","vehicleinfo":{"name":"BE.NMBS.L4985","shortname":"L4985","number":"4985","type":"L","@id":"http:\/\/irail.be\/vehicle\/L4985"},"platform":"8","platforminfo":{"name":"8","normal":"1"},"canceled":"0","left":"0","isExtra":"0","departureConnection":"http:\/\/irail.be\/connections\/8841004\/20220303\/L4985","occupancy":{"name":"unknown","@id":"http:\/\/api.irail.be\/terms\/unknown"}},{"id":"38","delay":"0","station":"Liège-Saint-Lambert","stationinfo":{"locationX":"5.570453","locationY":"50.646349","id":"BE.NMBS.008841525","name":"Li\u00e8ge-Saint-Lambert","@id":"http:\/\/irail.be\/stations\/NMBS\/008841525","standardname":"Li\u00e8ge-Saint-Lambert"},"time":"1646313120","vehicle":"BE.NMBS.IC2412","vehicleinfo":{"name":"BE.NMBS.IC2412","shortname":"IC2412","number":"2412","type":"IC","@id":"http:\/\/irail.be\/vehicle\/IC2412"},"platform":"9","platforminfo":{"name":"9","normal":"1"},"canceled":"0","left":"0","isExtra":"0","departureConnection":"http:\/\/irail.be\/connections\/8841004\/20220303\/IC2412","occupancy":{"name":"unknown","@id":"http:\/\/api.irail.be\/terms\/unknown"}},{"id":"39","delay":"0","station":"Marloie","stationinfo":{"locationX":"5.313892","locationY":"50.202821","id":"BE.NMBS.008864345","name":"Marloie","@id":"http:\/\/irail.be\/stations\/NMBS\/008864345","standardname":"Marloie"},"time":"1646313360","vehicle":"BE.NMBS.L5563","vehicleinfo":{"name":"BE.NMBS.L5563","shortname":"L5563","number":"5563","type":"L","@id":"http:\/\/irail.be\/vehicle\/L5563"},"platform":"6","platforminfo":{"name":"6","normal":"1"},"canceled":"0","left":"0","isExtra":"0","departureConnection":"http:\/\/irail.be\/connections\/8841004\/20220303\/L5563","occupancy":{"name":"unknown","@id":"http:\/\/api.irail.be\/terms\/unknown"}},{"id":"40","delay":"0","station":"Verviers-Central","stationinfo":{"locationX":"5.854917","locationY":"50.588135","id":"BE.NMBS.008844008","name":"Verviers-Central","@id":"http:\/\/irail.be\/stations\/NMBS\/008844008","standardname":"Verviers-Central"},"time":"1646313540","vehicle":"BE.NMBS.S415264","vehicleinfo":{"name":"BE.NMBS.S415264","shortname":"S415264","number":"5264","type":"S41","@id":"http:\/\/irail.be\/vehicle\/S415264"},"platform":"2","platforminfo":{"name":"2","normal":"1"},"canceled":"0","left":"0","isExtra":"0","departureConnection":"http:\/\/irail.be\/connections\/8841004\/20220303\/S415264","occupancy":{"name":"unknown","@id":"http:\/\/api.irail.be\/terms\/unknown"}},{"id":"41","delay":"0","station":"Hasselt","stationinfo":{"locationX":"5.327627","locationY":"50.930822","id":"BE.NMBS.008831005","name":"Hasselt","@id":"http:\/\/irail.be\/stations\/NMBS\/008831005","standardname":"Hasselt"},"time":"1646313780","vehicle":"BE.NMBS.S435385","vehicleinfo":{"name":"BE.NMBS.S435385","shortname":"S435385","number":"5385","type":"S43","@id":"http:\/\/irail.be\/vehicle\/S435385"},"platform":"8","platforminfo":{"name":"8","normal":"1"},"canceled":"0","left":"0","isExtra":"0","departureConnection":"http:\/\/irail.be\/connections\/8841004\/20220303\/S435385","occupancy":{"name":"unknown","@id":"http:\/\/api.irail.be\/terms\/unknown"}},{"id":"42","delay":"0","station":"Mons","stationinfo":{"locationX":"3.942542","locationY":"50.453854","id":"BE.NMBS.008881000","name":"Mons","@id":"http:\/\/irail.be\/stations\/NMBS\/008881000","standardname":"Mons"},"time":"1646313840","vehicle":"BE.NMBS.IC3836","vehicleinfo":{"name":"BE.NMBS.IC3836","shortname":"IC3836","number":"3836","type":"IC","@id":"http:\/\/irail.be\/vehicle\/IC3836"},"platform":"6","platforminfo":{"name":"6","normal":"1"},"canceled":"0","left":"0","isExtra":"0","departureConnection":"http:\/\/irail.be\/connections\/8841004\/20220303\/IC3836","occupancy":{"name":"unknown","@id":"http:\/\/api.irail.be\/terms\/unknown"}},{"id":"43","delay":"0","station":"Flemalle-Haute","stationinfo":{"locationX":"5.457656","locationY":"50.595308","id":"BE.NMBS.008843208","name":"Flemalle-Haute","@id":"http:\/\/irail.be\/stations\/NMBS\/008843208","standardname":"Flemalle-Haute"},"time":"1646314140","vehicle":"BE.NMBS.S445163","vehicleinfo":{"name":"BE.NMBS.S445163","shortname":"S445163","number":"5163","type":"S44","@id":"http:\/\/irail.be\/vehicle\/S445163"},"platform":"5","platforminfo":{"name":"5","normal":"1"},"canceled":"0","left":"0","isExtra":"0","departureConnection":"http:\/\/irail.be\/connections\/8841004\/20220303\/S445163","occupancy":{"name":"unknown","@id":"http:\/\/api.irail.be\/terms\/unknown"}},{"id":"44","delay":"0","station":"Welkenraedt","stationinfo":{"locationX":"5.975381","locationY":"50.659707","id":"BE.NMBS.008844503","name":"Welkenraedt","@id":"http:\/\/irail.be\/stations\/NMBS\/008844503","standardname":"Welkenraedt"},"time":"1646314560","vehicle":"BE.NMBS.IC412","vehicleinfo":{"name":"BE.NMBS.IC412","shortname":"IC412","number":"412","type":"IC","@id":"http:\/\/irail.be\/vehicle\/IC412"},"platform":"1","platforminfo":{"name":"1","normal":"1"},"canceled":"0","left":"0","isExtra":"0","departureConnection":"http:\/\/irail.be\/connections\/8841004\/20220303\/IC412","occupancy":{"name":"unknown","@id":"http:\/\/api.irail.be\/terms\/unknown"}},{"id":"45","delay":"0","station":"Waremme","stationinfo":{"locationX":"5.249475","locationY":"50.694549","id":"BE.NMBS.008841400","name":"Waremme","@id":"http:\/\/irail.be\/stations\/NMBS\/008841400","standardname":"Waremme"},"time":"1646314560","vehicle":"BE.NMBS.S445185","vehicleinfo":{"name":"BE.NMBS.S445185","shortname":"S445185","number":"5185","type":"S44","@id":"http:\/\/irail.be\/vehicle\/S445185"},"platform":"6","platforminfo":{"name":"6","normal":"1"},"canceled":"0","left":"0","isExtra":"0","departureConnection":"http:\/\/irail.be\/connections\/8841004\/20220303\/S445185","occupancy":{"name":"unknown","@id":"http:\/\/api.irail.be\/terms\/unknown"}},{"id":"46","delay":"0","station":"Herstal","stationinfo":{"locationX":"5.622761","locationY":"50.660911","id":"BE.NMBS.008841608","name":"Herstal","@id":"http:\/\/irail.be\/stations\/NMBS\/008841608","standardname":"Herstal"},"time":"1646314680","vehicle":"BE.NMBS.IC3812","vehicleinfo":{"name":"BE.NMBS.IC3812","shortname":"IC3812","number":"3812","type":"IC","@id":"http:\/\/irail.be\/vehicle\/IC3812"},"platform":"9","platforminfo":{"name":"9","normal":"1"},"canceled":"0","left":"0","isExtra":"0","departureConnection":"http:\/\/irail.be\/connections\/8841004\/20220303\/IC3812","occupancy":{"name":"unknown","@id":"http:\/\/api.irail.be\/terms\/unknown"}},{"id":"47","delay":"0","station":"Maastricht","stationinfo":{"locationX":"5.70539200","locationY":"50.8500000","id":"BE.NMBS.008400424","name":"Maastricht","@id":"http:\/\/irail.be\/stations\/NMBS\/008400424","standardname":"Maastricht"},"time":"1646314800","vehicle":"BE.NMBS.S435363","vehicleinfo":{"name":"BE.NMBS.S435363","shortname":"S435363","number":"5363","type":"S43","@id":"http:\/\/irail.be\/vehicle\/S435363"},"platform":"3","platforminfo":{"name":"3","normal":"1"},"canceled":"0","left":"0","isExtra":"0","departureConnection":"http:\/\/irail.be\/connections\/8841004\/20220303\/S435363","occupancy":{"name":"unknown","@id":"http:\/\/api.irail.be\/terms\/unknown"}},{"id":"48","delay":"0","station":"Liège-Saint-Lambert","stationinfo":{"locationX":"5.570453","locationY":"50.646349","id":"BE.NMBS.008841525","name":"Li\u00e8ge-Saint-Lambert","@id":"http:\/\/irail.be\/stations\/NMBS\/008841525","standardname":"Li\u00e8ge-Saint-Lambert"},"time":"1646314980","vehicle":"BE.NMBS.S415284","vehicleinfo":{"name":"BE.NMBS.S415284","shortname":"S415284","number":"5284","type":"S41","@id":"http:\/\/irail.be\/vehicle\/S415284"},"platform":"7","platforminfo":{"name":"7","normal":"1"},"canceled":"0","left":"0","isExtra":"0","departureConnection":"http:\/\/irail.be\/connections\/8841004\/20220303\/S415284","occupancy":{"name":"unknown","@id":"http:\/\/api.irail.be\/terms\/unknown"}},{"id":"49","delay":"0","station":"Brussels-South/Brussels-Midi","stationinfo":{"locationX":"4.336531","locationY":"50.835707","id":"BE.NMBS.008814001","name":"Brussels-South\/Brussels-Midi","@id":"http:\/\/irail.be\/stations\/NMBS\/008814001","standardname":"Brussel-Zuid\/Bruxelles-Midi"},"time":"1646315160","vehicle":"BE.NMBS.ICE314","vehicleinfo":{"name":"BE.NMBS.ICE314","shortname":"ICE314","number":"314","type":"ICE","@id":"http:\/\/irail.be\/vehicle\/ICE314"},"platform":"3","platforminfo":{"name":"3","normal":"1"},"canceled":"0","left":"0","isExtra":"0","departureConnection":"http:\/\/irail.be\/connections\/8841004\/20220303\/ICE314","occupancy":{"name":"unknown","@id":"http:\/\/api.irail.be\/terms\/unknown"}}]}}