{"version":"1.1","timestamp":"1646313631","station":"Tournai","stationinfo":{"locationX":"3.396942","locationY":"50.613134","id":"BE.NMBS.008885001","name":"Tournai","@id":"http:\/\/irail.be\/stations\/NMBS\/008885001","standardname":"Tournai"},"departures":{"number":"50","departure":[{"id":"0","delay":"0","station":"Quevy","stationinfo":{"locationX":"3.909489","locationY":"50.341534","id":"BE.NMBS.008881505","name":"Quevy","@id":"http:\/\/irail.be\/stations\/NMBS\/008881505","standardname":"Quevy"},"time":"1646313960","vehicle":"BE.NMBS.L4685","vehicleinfo":{"name":"BE.NMBS.L4685","shortname":"L4685","number":"4685","type":"L","@id":"http:\/\/irail.be\/vehicle\/L4685"},"platform":"3","platforminfo":{"name":"3","normal":"1"},"canceled":"0","left":"0","isExtra":"0","departureConnection":"http:\/\/irail.be\/connections\/8885001\/20220303\/L4685","occupancy":{"name":"unknown","@id":"http:\/\/api.irail.be\/terms\/unknown"}},{"id":"1","delay":"0","station":"Moeskroen / Mouscron","stationinfo":{"locationX":"3.228448","locationY":"50.741005","id":"BE.NMBS.008885704","name":"Moeskroen \/ Mouscron","@id":"http:\/\/irail.be\/stations\/NMBS\/008885704","standardname":"Mouscron"},"time":"1646314620","vehicle":"BE.NMBS.L4663","vehicleinfo":{"name":"BE.NMBS.L4663","shortname":"L4663","number":"4663","type":"L","@id":"http:\/\/irail.be\/vehicle\/L4663"},"platform":"1","platforminfo":{"name":"1","normal":"1"},"canceled":"0","left":"0","isExtra":"0","departureConnection":"http:\/\/irail.be\/connections\/8885001\/20220303\/L4663","occupancy":{"name":"unknown","@id":"http:\/\/api.irail.be\/terms\/unknown"}},{"id":"2","delay":"0","station":"Namur","stationinfo":{"locationX":"4.86222","locationY":"50.468794","id":"BE.NMBS.008863008","name":"Namur","@id":"http:\/\/irail.be\/stations\/NMBS\/008863008","standardname":"Namur"},"time":"1646314980","vehicle":"BE.NMBS.IC914","vehicleinfo":{"name":"BE.NMBS.IC914","shortname":"IC914","number":"914","type":"IC","@id":"http:\/\/irail.be\/vehicle\/IC914"},"platform":"2","platforminfo":{"name":"2","normal":"1"},"canceled":"0","left":"0","isExtra":"0","departureConnection":"http:\/\/irail.be\/connections\/8885001\/20220303\/IC914","occupancy":{"name":"unknown","@id":"http:\/\/api.irail.be\/terms\/unknown"}},{"id":"3","delay":"0","station":"Brussels Airport - Zaventem","stationinfo":{"locationX":"4.482076","locationY":"50.896456","id":"BE.NMBS.008819406","name":"Brussels Airport - Zaventem","@id":"http:\/\/irail.be\/stations\/NMBS\/008819406","standardname":"Brussels Airport - Zaventem"},"time":"1646315040","vehicle":"BE.NMBS.IC1914","vehicleinfo":{"name":"BE.NMBS.IC1914","shortname":"IC1914","number":"1914","type":"IC","@id":"http:\/\/irail.be\/vehicle\/IC1914"},"platform":"4","platforminfo":{"name":"4","normal":"1"},"canceled":"0","left":"0","isExtra":"0","departureConnection":"http:\/\/irail.be\/connections\/8885001\/20220303\/IC1914","occupancy":{"name":"unknown","@id":"http:\/\/api.irail.be\/terms\/unknown"}},{"id":"4","delay":"0","station":"Kortrijk","stationinfo":{"locationX":"3.264549","locationY":"50.824506","id":"BE.NMBS.008896008","name":"Kortrijk","@id":"http:\/\/irail.be\/stations\/NMBS\/008896008","standardname":"Kortrijk"},"time":"1646315580","vehicle":"BE.NMBS.IC3235","vehicleinfo":{"name":"BE.NMBS.IC3235","shortname":"IC3235","number":"3235","type":"IC","@id":"http:\/\/irail.be\/vehicle\/IC3235"},"platform":"1","platforminfo":{"name":"1","normal":"1"},"canceled":"0","left":"0","isExtra":"0","departureConnection":"http:\/\/irail.be\/connections\/8885001\/20220303\/IC3235","occupancy":{"name":"unknown","@id":"http:\/\/api.irail.be\/terms\/unknown"}},{"id":"5","delay":"0","station":"Sint-Niklaas","stationinfo":{"locationX":"4.142966","locationY":"51.171472","id":"BE.NMBS.008894508","name":"Sint-Niklaas","@id":"http:\/\/irail.be\/stations\/NMBS\/008894508","standardname":"Sint-Niklaas"},"time":"1646316540","vehicle":"BE.NMBS.IC3214","vehicleinfo":{"name":"BE.NMBS.IC3214","shortname":"IC3214","number":"3214","type":"IC","@id":"http:\/\/irail.be\/vehicle\/IC3214"},"platform":"4","platforminfo":{"name":"4","normal":"1"},"canceled":"0","left":"0","isExtra":"0","departureConnection":"http:\/\/irail.be\/connections\/8885001\/20220303\/IC3214","occupancy":{"name":"unknown","@id":"http:\/\/api.irail.be\/terms\/unknown"}},{"id":"6","delay":"60","station":"Lille Flandres","stationinfo":{"locationX":"3.066669","locationY":"50.633333","id":"BE.NMBS.008728600","name":"Lille Flandres","@id":"http:\/\/irail.be\/stations\/NMBS\/008728600","standardname":"Lille Flandres"},"time":"1646317260","vehicle":"BE.NMBS.IC19946","vehicleinfo":{"name":"BE.NMBS.IC19946","shortname":"IC19946","number":"19946","type":"IC","@id":"http:\/\/irail.be\/vehicle\/IC19946"},"platform":"1","platforminfo":{"name":"1","normal":"1"},"canceled":"0","left":"0","isExtra":"0","departureConnection":"http:\/\/irail.be\/connections\/8885001\/20220303\/IC19946","occupancy":{"name":"unknown","@id":"http:\/\/api.irail.be\/terms\/unknown"}},{"id":"7","delay":"0","station":"Quevy","stationinfo":{"locationX":"3.909489","locationY":"50.341534","id":"BE.NMBS.008881505","name":"Quevy","@id":"http:\/\/irail.be\/stations\/NMBS\/008881505","standardname":"Quevy"},"time":"1646317320","vehicle":"BE.NMBS.L4686","vehicleinfo":{"name":"BE.NMBS.L4686","shortname":"L4686","number":"4686","type":"L","@id":"http:\/\/irail.be\/vehicle\/L4686"},"platform":"4","platforminfo":{"name":"4","normal":"1"},"canceled":"0","left":"0","isExtra":"0","departureConnection":"http:\/\/irail.be\/connections\/8885001\/20220303\/L4686","occupancy":{"name":"unknown","@id":"http:\/\/api.irail.be\/terms\/unknown"}},{"id":"8","delay":"0","station":"Moeskroen / Mouscron","stationinfo":{"locationX":"3.228448","locationY":"50.741005","id":"BE.NMBS.008885704","name":"Moeskroen \/ Mouscron","@id":"http:\/\/irail.be\/stations\/NMBS\/008885704","standardname":"Mouscron"},"time":"1646318100","vehicle":"BE.NMBS.L4664","vehicleinfo":{"name":"BE.NMBS.L4664","shortname":"L4664","number":"4664","type":"L","@id":"http:\/\/irail.be\/vehicle\/L4664"},"platform":"1","platforminfo":{"name":"1","normal":"1"},"canceled":"0","left":"0","isExtra":"0","departureConnection":"http:\/\/irail.be\/connections\/8885001\/20220303\/L4664","occupancy":{"name":"unknown","@id":"http:\/\/api.irail.be\/terms\/unknown"}},{"id":"9","delay":"0","station":"Namur","stationinfo":{"locationX":"4.86222","locationY":"50.468794","id":"BE.NMBS.008863008","name":"Namur","@id":"http:\/\/irail.be\/stations\/NMBS\/008863008","standardname":"Namur"},"time":"1646318580","vehicle":"BE.NMBS.IC915","vehicleinfo":{"name":"BE.NMBS.IC915","shortname":"IC915","number":"915","type":"IC","@id":"http:\/\/irail.be\/vehicle\/IC915"},"platform":"2","platforminfo":{"name":"2","normal":"1"},"canceled":"0","left":"0","isExtra":"0","departureConnection":"http:\/\/irail.be\/connections\/8885001\/20220303\/IC915","occupancy":{"name":"unknown","@id":"http:\/\/api.irail.be\/terms\/unknown"}},{"id":"10","delay":"0","station":"Brussels Airport - Zaventem","stationinfo":{"locationX":"4.482076","locationY":"50.896456","id":"BE.NMBS.008819406","name":"Brussels Airport - Zaventem","@id":"http:\/\/irail.be\/stations\/NMBS\/008819406","standardname":"Brussels Airport - Zaventem"},"time":"1646318640","vehicle":"BE.NMBS.IC1915","vehicleinfo":{"name":"BE.NMBS.IC1915","shortname":"IC1915","number":"1915","type":"IC","@id":"http:\/\/irail.be\/vehicle\/IC1915"},"platform":"5","platforminfo":{"name":"5","normal":"0"},"canceled":"0","left":"0","isExtra":"0","departureConnection":"http:\/\/irail.be\/connections\/8885001\/20220303\/IC1915","occupancy":{"name":"unknown","@id":"http:\/\/api.irail.be\/terms\/unknown"}},{"id":"11","delay":"0","station":"Kortrijk","stationinfo":{"locationX":"3.264549","locationY":"50.824506","id":"BE.NMBS.008896008","name":"Kortrijk","@id":"http:\/\/irail.be\/stations\/NMBS\/008896008","standardname":"Kortrijk"},"time":"1646319180","vehicle":"BE.NMBS.IC3236","vehicleinfo":{"name":"BE.NMBS.IC3236","shortname":"IC3236","number":"3236","type":"IC","@id":"http:\/\/irail.be\/vehicle\/IC3236"},"platform":"3","platforminfo":{"name":"3","normal":"1"},"canceled":"0","left":"0","isExtra":"0","departureConnection":"http:\/\/irail.be\/connections\/8885001\/20220303\/IC3236","occupancy":{"name":"unknown","@id":"http:\/\/api.irail.be\/terms\/unknown"}},{"id":"12","delay":"0","station":"Sint-Niklaas","stationinfo":{"locationX":"4.142966","locationY":"51.171472","id":"BE.NMBS.008894508","name":"Sint-Niklaas","@id":"http:\/\/irail.be\/stations\/NMBS\/008894508","standardname":"Sint-Niklaas"},"time":"1646320140","vehicle":"BE.NMBS.IC3215","vehicleinfo":{"name":"BE.NMBS.IC3215","shortname":"IC3215","number":"3215","type":"IC","@id":"http:\/\/irail.be\/vehicle\/IC3215"},"platform":"4","platforminfo":{"name":"4","normal":"1"},"canceled":"0","left":"0","isExtra":"0","departureConnection":"http:\/\/irail.be\/connections\/8885001\/20220303\/IC3215","occupancy":{"name":"unknown","@id":"http:\/\/api.irail.be\/terms\/unknown"}},{"id":"13","delay":"0","station":"Mons","stationinfo":{"locationX":"3.942542","locationY":"50.453854","id":"BE.NMBS.008881000","name":"Mons","@id":"http:\/\/irail.be\/stations\/NMBS\/008881000","standardname":"Mons"},"time":"1646320860","vehicle":"BE.NMBS.L4687","vehicleinfo":{"name":"BE.NMBS.L4687","shortname":"L4687","number":"4687","type":"L","@id":"http:\/\/irail.be\/vehicle\/L4687"},"platform":"2","platforminfo":{"name":"2","normal":"1"},"canceled":"0","left":"0","isExtra":"0","departureConnection":"http:\/\/irail.be\/connections\/8885001\/20220303\/L4687","occupancy":{"name":"unknown","@id":"http:\/\/api.irail.be\/terms\/unknown"}},{"id":"14","delay":"0","station":"Lille Flandres","stationinfo":{"locationX":"3.066669","locationY":"50.633333","id":"BE.NMBS.008728600","name":"Lille Flandres","@id":"http:\/\/irail.be\/stations\/NMBS\/008728600","standardname":"Lille Flandres"},"time":"1646320860","vehicle":"BE.NMBS.IC19952","vehicleinfo":{"name":"BE.NMBS.IC19952","shortname":"IC19952","number":"19952","type":"IC","@id":"http:\/\/irail.be\/vehicle\/IC19952"},"platform":"1","platforminfo":{"name":"1","normal":"1"},"canceled":"0","left":"0","isExtra":"0","departureConnection":"http:\/\/irail.be\/connections\/8885001\/20220303\/IC19952","occupancy":{"name":"unknown","@id":"http:\/\/api.irail.be\/terms\/unknown"}},{"id":"15","delay":"0","station":"Moeskroen / Mouscron","stationinfo":{"locationX":"3.228448","locationY":"50.741005","id":"BE.NMBS.008885704","name":"Moeskroen \/ Mouscron","@id":"http:\/\/irail.be\/stations\/NMBS\/008885704","standardname":"Mouscron"},"time":"1646321280","vehicle":"BE.NMBS.P8519","vehicleinfo":{"name":"BE.NMBS.P8519","shortname":"P8519","number":"8519","type":"P","@id":"http:\/\/irail.be\/vehicle\/P8519"},"platform":"3","platforminfo":{"name":"3","normal":"1"},"canceled":"0","left":"0","isExtra":"0","departureConnection":"http:\/\/irail.be\/connections\/8885001\/20220303\/P8519","occupancy":{"name":"unknown","@id":"http:\/\/api.irail.be\/terms\/unknown"}},{"id":"16","delay":"0","station":"Moeskroen / Mouscron","stationinfo":{"locationX":"3.228448","locationY":"50.741005","id":"BE.NMBS.008885704","name":"Moeskroen \/ Mouscron","@id":"http:\/\/irail.be\/stations\/NMBS\/008885704","standardname":"Mouscron"},"time":"1646321820","vehicle":"BE.NMBS.L4665","vehicleinfo":{"name":"BE.NMBS.L4665","shortname":"L4665","number":"4665","type":"L","@id":"http:\/\/irail.be\/vehicle\/L4665"},"platform":"1","platforminfo":{"name":"1","normal":"1"},"canceled":"0","left":"0","isExtra":"0","departureConnection":"http:\/\/irail.be\/connections\/8885001\/20220303\/L4665","occupancy":{"name":"unknown","@id":"http:\/\/api.irail.be\/terms\/unknown"}},{"id":"17","delay":"0","station":"Namur","stationinfo":{"locationX":"4.86222","locationY":"50.468794","id":"BE.NMBS.008863008","name":"Namur","@id":"http:\/\/irail.be\/stations\/NMBS\/008863008","standardname":"Namur"},"time":"1646322180","vehicle":"BE.NMBS.IC916","vehicleinfo":{"name":"BE.NMBS.IC916","shortname":"IC916","number":"916","type":"IC","@id":"http:\/\/irail.be\/vehicle\/IC916"},"platform":"A","platforminfo":{"name":"A","normal":"1"},"canceled":"0","left":"0","isExtra":"0","departureConnection":"http:\/\/irail.be\/connections\/8885001\/20220303\/IC916","occupancy":{"name":"unknown","@id":"http:\/\/api.irail.be\/terms\/unknown"}},{"id":"18","delay":"0","station":"Brussels Airport - Zaventem","stationinfo":{"locationX":"4.482076","locationY":"50.896456","id":"BE.NMBS.008819406","name":"Brussels Airport - Zaventem","@id":"http:\/\/irail.be\/stations\/NMBS\/008819406","standardname":"Brussels Airport - Zaventem"},"time":"1646322240","vehicle":"BE.NMBS.IC1916","vehicleinfo":{"name":"BE.NMBS.IC1916","shortname":"IC1916","number":"1916","type":"IC","@id":"http:\/\/irail.be\/vehicle\/IC1916"},"platform":"4","platforminfo":{"name":"4","normal":"1"},"canceled":"0","left":"0","isExtra":"0","departureConnection":"http:\/\/irail.be\/connections\/8885001\/20220303\/IC1916","occupancy":{"name":"unknown","@id":"http:\/\/api.irail.be\/terms\/unknown"}},{"id":"19","delay":"0","station":"Lille Flandres","stationinfo":{"locationX":"3.066669","locationY":"50.633333","id":"BE.NMBS.008728600","name":"Lille Flandres","@id":"http:\/\/irail.be\/stations\/NMBS\/008728600","standardname":"Lille Flandres"},"time":"1646322480","vehicle":"BE.NMBS.IC19956","vehicleinfo":{"name":"BE.NMBS.IC19956","shortname":"IC19956","number":"19956","type":"IC","@id":"http:\/\/irail.be\/vehicle\/IC19956"},"platform":"5","platforminfo":{"name":"5","normal":"1"},"canceled":"0","left":"0","isExtra":"0","departureConnection":"http:\/\/irail.be\/connections\/8885001\/20220303\/IC19956","occupancy":{"name":"unknown","@id":"http:\/\/api.irail.be\/terms\/unknown"}},{"id":"20","delay":"0","station":"Kortrijk","stationinfo":{"locationX":"3.264549","locationY":"50.824506","id":"BE.NMBS.008896008","name":"Kortrijk","@id":"http:\/\/irail.be\/stations\/NMBS\/008896008","standardname":"Kortrijk"},"time":"1646322780","vehicle":"BE.NMBS.IC3237","vehicleinfo":{"name":"BE.NMBS.IC3237","shortname":"IC3237","number":"3237","type":"IC","@id":"http:\/\/irail.be\/vehicle\/IC3237"},"platform":"1","platforminfo":{"name":"1","normal":"1"},"canceled":"0","left":"0","isExtra":"0","departureConnection":"http:\/\/irail.be\/connections\/8885001\/20220303\/IC3237","occupancy":{"name":"unknown","@id":"http:\/\/api.irail.be\/terms\/unknown"}},{"id":"21","delay":"0","station":"Mons","stationinfo":{"locationX":"3.942542","locationY":"50.453854","id":"BE.NMBS.008881000","name":"Mons","@id":"http:\/\/irail.be\/stations\/NMBS\/008881000","standardname":"Mons"},"time":"1646323200","vehicle":"BE.NMBS.P8862","vehicleinfo":{"name":"BE.NMBS.P8862","shortname":"P8862","number":"8862","type":"P","@id":"http:\/\/irail.be\/vehicle\/P8862"},"platform":"2","platforminfo":{"name":"2","normal":"1"},"canceled":"0","left":"0","isExtra":"0","departureConnection":"http:\/\/irail.be\/connections\/8885001\/20220303\/P8862","occupancy":{"name":"unknown","@id":"http:\/\/api.irail.be\/terms\/unknown"}},{"id":"22","delay":"0","station":"Sint-Niklaas","stationinfo":{"locationX":"4.142966","locationY":"51.171472","id":"BE.NMBS.008894508","name":"Sint-Niklaas","@id":"http:\/\/irail.be\/stations\/NMBS\/008894508","standardname":"Sint-Niklaas"},"time":"1646323740","vehicle":"BE.NMBS.IC3216","vehicleinfo":{"name":"BE.NMBS.IC3216","shortname":"IC3216","number":"3216","type":"IC","@id":"http:\/\/irail.be\/vehicle\/IC3216"},"platform":"4","platforminfo":{"name":"4","normal":"1"},"canceled":"0","left":"0","isExtra":"0","departureConnection":"http:\/\/irail.be\/connections\/8885001\/20220303\/IC3216","occupancy":{"name":"unknown","@id":"http:\/\/api.irail.be\/terms\/unknown"}},{"id":"23","delay":"0","station":"Kortrijk","stationinfo":{"locationX":"3.264549","locationY":"50.824506","id":"BE.NMBS.008896008","name":"Kortrijk","@id":"http:\/\/irail.be\/stations\/NMBS\/008896008","standardname":"Kortrijk"},"time":"1646324340","vehicle":"BE.NMBS.IC937","vehicleinfo":{"name":"BE.NMBS.IC937","shortname":"IC937","number":"937","type":"IC","@id":"http:\/\/irail.be\/vehicle\/IC937"},"platform":"1","platforminfo":{"name":"1","normal":"1"},"canceled":"0","left":"0","isExtra":"0","departureConnection":"http:\/\/irail.be\/connections\/8885001\/20220303\/IC937","occupancy":{"name":"unknown","@id":"http:\/\/api.irail.be\/terms\/unknown"}},{"id":"24","delay":"0","station":"Lille Flandres","stationinfo":{"locationX":"3.066669","locationY":"50.633333","id":"BE.NMBS.008728600","name":"Lille Flandres","@id":"http:\/\/irail.be\/stations\/NMBS\/008728600","standardname":"Lille Flandres"},"time":"1646324580","vehicle":"BE.NMBS.IC19958","vehicleinfo":{"name":"BE.NMBS.IC19958","shortname":"IC19958","number":"19958","type":"IC","@id":"http:\/\/irail.be\/vehicle\/IC19958"},"platform":"3","platforminfo":{"name":"3","normal":"1"},"canceled":"0","left":"0","isExtra":"0","departureConnection":"http:\/\/irail.be\/connections\/8885001\/20220303\/IC19958","occupancy":{"name":"unknown","@id":"http:\/\/api.irail.be\/terms\/unknown"}},{"id":"25","delay":"0","station":"Mons","stationinfo":{"locationX":"3.942542","locationY":"50.453854","id":"BE.NMBS.008881000","name":"Mons","@id":"http:\/\/irail.be\/stations\/NMBS\/008881000","standardname":"Mons"},"time":"1646324640","vehicle":"BE.NMBS.L4688","vehicleinfo":{"name":"BE.NMBS.L4688","shortname":"L4688","number":"4688","type":"L","@id":"http:\/\/irail.be\/vehicle\/L4688"},"platform":"2","platforminfo":{"name":"2","normal":"1"},"canceled":"0","left":"0","isExtra":"0","departureConnection":"http:\/\/irail.be\/connections\/8885001\/20220303\/L4688","occupancy":{"name":"unknown","@id":"http:\/\/api.irail.be\/terms\/unknown"}},{"id":"26","delay":"0","station":"Moeskroen / Mouscron","stationinfo":{"locationX":"3.228448","locationY":"50.741005","id":"BE.NMBS.008885704","name":"Moeskroen \/ Mouscron","@id":"http:\/\/irail.be\/stations\/NMBS\/008885704","standardname":"Mouscron"},"time":"1646325000","vehicle":"BE.NMBS.P8513","vehicleinfo":{"name":"BE.NMBS.P8513","shortname":"P8513","number":"8513","type":"P","@id":"http:\/\/irail.be\/vehicle\/P8513"},"platform":"3","platforminfo":{"name":"3","normal":"1"},"canceled":"0","left":"0","isExtra":"0","departureConnection":"http:\/\/irail.be\/connections\/8885001\/20220303\/P8513","occupancy":{"name":"unknown","@id":"http:\/\/api.irail.be\/terms\/unknown"}},{"id":"27","delay":"0","station":"Namur","stationinfo":{"locationX":"4.86222","locationY":"50.468794","id":"BE.NMBS.008863008","name":"Namur","@id":"http:\/\/irail.be\/stations\/NMBS\/008863008","standardname":"Namur"},"time":"1646325780","vehicle":"BE.NMBS.IC917","vehicleinfo":{"name":"BE.NMBS.IC917","shortname":"IC917","number":"917","type":"IC","@id":"http:\/\/irail.be\/vehicle\/IC917"},"platform":"2","platforminfo":{"name":"2","normal":"1"},"canceled":"0","left":"0","isExtra":"0","departureConnection":"http:\/\/irail.be\/connections\/8885001\/20220303\/IC917","occupancy":{"name":"unknown","@id":"http:\/\/api.irail.be\/terms\/unknown"}},{"id":"28","delay":"0","station":"Brussels Airport - Zaventem","stationinfo":{"locationX":"4.482076","locationY":"50.896456","id":"BE.NMBS.008819406","name":"Brussels Airport - Zaventem","@id":"http:\/\/irail.be\/stations\/NMBS\/008819406","standardname":"Brussels Airport - Zaventem"},"time":"1646325840","vehicle":"BE.NMBS.IC1917","vehicleinfo":{"name":"BE.NMBS.IC1917","shortname":"IC1917","number":"1917","type":"IC","@id":"http:\/\/irail.be\/vehicle\/IC1917"},"platform":"4","platforminfo":{"name":"4","normal":"1"},"canceled":"0","left":"0","isExtra":"0","departureConnection":"http:\/\/irail.be\/connections\/8885001\/20220303\/IC1917","occupancy":{"name":"unknown","@id":"http:\/\/api.irail.be\/terms\/unknown"}},{"id":"29","delay":"0","station":"Kortrijk","stationinfo":{"locationX":"3.264549","locationY":"50.824506","id":"BE.NMBS.008896008","name":"Kortrijk","@id":"http:\/\/irail.be\/stations\/NMBS\/008896008","standardname":"Kortrijk"},"time":"1646326260","vehicle":"BE.NMBS.IC3238","vehicleinfo":{"name":"BE.NMBS.IC3238","shortname":"IC3238","number":"3238","type":"IC","@id":"http:\/\/irail.be\/vehicle\/IC3238"},"platform":"3","platforminfo":{"name":"3","normal":"1"},"canceled":"0","left":"0","isExtra":"0","departureConnection":"http:\/\/irail.be\/connections\/8885001\/20220303\/IC3238","occupancy":{"name":"unknown","@id":"http:\/\/api.irail.be\/terms\/unknown"}},{"id":"30","delay":"0","station":"Sint-Niklaas","stationinfo":{"locationX":"4.142966","locationY":"51.171472","id":"BE.NMBS.008894508","name":"Sint-Niklaas","@id":"http:\/\/irail.be\/stations\/NMBS\/008894508","standardname":"Sint-Niklaas"},"time":"1646327520","vehicle":"BE.NMBS.IC3217","vehicleinfo":{"name":"BE.NMBS.IC3217","shortname":"IC3217","number":"3217","type":"IC","@id":"http:\/\/irail.be\/vehicle\/IC3217"},"platform":"4","platforminfo":{"name":"4","normal":"1"},"canceled":"0","left":"0","isExtra":"0","departureConnection":"http:\/\/irail.be\/connections\/8885001\/20220303\/IC3217","occupancy":{"name":"unknown","@id":"http:\/\/api.irail.be\/terms\/unknown"}},{"id":"31","delay":"0","station":"Lille Flandres","stationinfo":{"locationX":"3.066669","locationY":"50.633333","id":"BE.NMBS.008728600","name":"Lille Flandres","@id":"http:\/\/irail.be\/stations\/NMBS\/008728600","standardname":"Lille Flandres"},"time":"1646328120","vehicle":"BE.NMBS.IC19962","vehicleinfo":{"name":"BE.NMBS.IC19962","shortname":"IC19962","number":"19962","type":"IC","@id":"http:\/\/irail.be\/vehicle\/IC19962"},"platform":"2","platforminfo":{"name":"2","normal":"1"},"canceled":"0","left":"0","isExtra":"0","departureConnection":"http:\/\/irail.be\/connections\/8885001\/20220303\/IC19962","occupancy":{"name":"unknown","@id":"http:\/\/api.irail.be\/terms\/unknown"}},{"id":"32","delay":"0","station":"Quevy","stationinfo":{"locationX":"3.909489","locationY":"50.341534","id":"BE.NMBS.008881505","name":"Quevy","@id":"http:\/\/irail.be\/stations\/NMBS\/008881505","standardname":"Quevy"},"time":"1646328300","vehicle":"BE.NMBS.L4689","vehicleinfo":{"name":"BE.NMBS.L4689","shortname":"L4689","number":"4689","type":"L","@id":"http:\/\/irail.be\/vehicle\/L4689"},"platform":"A","platforminfo":{"name":"A","normal":"1"},"canceled":"0","left":"0","isExtra":"0","departureConnection":"http:\/\/irail.be\/connections\/8885001\/20220303\/L4689","occupancy":{"name":"unknown","@id":"http:\/\/api.irail.be\/terms\/unknown"}},{"id":"33","delay":"0","station":"Kortrijk","stationinfo":{"locationX":"3.264549","locationY":"50.824506","id":"BE.NMBS.008896008","name":"Kortrijk","@id":"http:\/\/irail.be\/stations\/NMBS\/008896008","standardname":"Kortrijk"},"time":"1646328360","vehicle":"BE.NMBS.IC938","vehicleinfo":{"name":"BE.NMBS.IC938","shortname":"IC938","number":"938","type":"IC","@id":"http:\/\/irail.be\/vehicle\/IC938"},"platform":"1","platforminfo":{"name":"1","normal":"1"},"canceled":"0","left":"0","isExtra":"0","departureConnection":"http:\/\/irail.be\/connections\/8885001\/20220303\/IC938","occupancy":{"name":"unknown","@id":"http:\/\/api.irail.be\/terms\/unknown"}},{"id":"34","delay":"0","station":"Moeskroen / Mouscron","stationinfo":{"locationX":"3.228448","locationY":"50.741005","id":"BE.NMBS.008885704","name":"Moeskroen \/ Mouscron","@id":"http:\/\/irail.be\/stations\/NMBS\/008885704","standardname":"Mouscron"},"time":"1646328600","vehicle":"BE.NMBS.P8515","vehicleinfo":{"name":"BE.NMBS.P8515","shortname":"P8515","number":"8515","type":"P","@id":"http:\/\/irail.be\/vehicle\/P8515"},"platform":"4","platforminfo":{"name":"4","normal":"1"},"canceled":"0","left":"0","isExtra":"0","departureConnection":"http:\/\/irail.be\/connections\/8885001\/20220303\/P8515","occupancy":{"name":"unknown","@id":"http:\/\/api.irail.be\/terms\/unknown"}},{"id":"35","delay":"0","station":"Namur","stationinfo":{"locationX":"4.86222","locationY":"50.468794","id":"BE.NMBS.008863008","name":"Namur","@id":"http:\/\/irail.be\/stations\/NMBS\/008863008","standardname":"Namur"},"time":"1646329380","vehicle":"BE.NMBS.IC918","vehicleinfo":{"name":"BE.NMBS.IC918","shortname":"IC918","number":"918","type":"IC","@id":"http:\/\/irail.be\/vehicle\/IC918"},"platform":"1","platforminfo":{"name":"1","normal":"1"},"canceled":"0","left":"0","isExtra":"0","departureConnection":"http:\/\/irail.be\/connections\/8885001\/20220303\/IC918","occupancy":{"name":"unknown","@id":"http:\/\/api.irail.be\/terms\/unknown"}},{"id":"36","delay":"0","station":"Brussels Airport - Zaventem","stationinfo":{"locationX":"4.482076","locationY":"50.896456","id":"BE.NMBS.008819406","name":"Brussels Airport - Zaventem","@id":"http:\/\/irail.be\/stations\/NMBS\/008819406","standardname":"Brussels Airport - Zaventem"},"time":"1646329440","vehicle":"BE.NMBS.IC1918","vehicleinfo":{"name":"BE.NMBS.IC1918","shortname":"IC1918","number":"1918","type":"IC","@id":"http:\/\/irail.be\/vehicle\/IC1918"},"platform":"3","platforminfo":{"name":"3","normal":"1"},"canceled":"0","left":"0","isExtra":"0","departureConnection":"http:\/\/irail.be\/connections\/8885001\/20220303\/IC1918","occupancy":{"name":"unknown","@id":"http:\/\/api.irail.be\/terms\/unknown"}},{"id":"37","delay":"0","station":"Kortrijk","stationinfo":{"locationX":"3.264549","locationY":"50.824506","id":"BE.NMBS.008896008","name":"Kortrijk","@id":"http:\/\/irail.be\/stations\/NMBS\/008896008","standardname":"Kortrijk"},"time":"1646329980","vehicle":"BE.NMBS.IC3239","vehicleinfo":{"name":"BE.NMBS.IC3239","shortname":"IC3239","number":"3239","type":"IC","@id":"http:\/\/irail.be\/vehicle\/IC3239"},"platform":"1","platforminfo":{"name":"1","normal":"1"},"canceled":"0","left":"0","isExtra":"0","departureConnection":"http:\/\/irail.be\/connections\/8885001\/20220303\/IC3239","occupancy":{"name":"unknown","@id":"http:\/\/api.irail.be\/terms\/unknown"}},{"id":"38","delay":"0","station":"Sint-Niklaas","stationinfo":{"locationX":"4.142966","locationY":"51.171472","id":"BE.NMBS.008894508","name":"Sint-Niklaas","@id":"http:\/\/irail.be\/stations\/NMBS\/008894508","standardname":"Sint-Niklaas"},"time":"1646331120","vehicle":"BE.NMBS.IC3218","vehicleinfo":{"name":"BE.NMBS.IC3218","shortname":"IC3218","number":"3218","type":"IC","@id":"http:\/\/irail.be\/vehicle\/IC3218"},"platform":"4","platforminfo":{"name":"4","normal":"1"},"canceled":"0","left":"0","isExtra":"0","departureConnection":"http:\/\/irail.be\/connections\/8885001\/20220303\/IC3218","occupancy":{"name":"unknown","@id":"http:\/\/api.irail.be\/terms\/unknown"}},{"id":"39","delay":"0","station":"Lille Flandres","stationinfo":{"locationX":"3.066669","locationY":"50.633333","id":"BE.NMBS.008728600","name":"Lille Flandres","@id":"http:\/\/irail.be\/stations\/NMBS\/008728600","standardname":"Lille Flandres"},"time":"1646331780","vehicle":"BE.NMBS.IC19966","vehicleinfo":{"name":"BE.NMBS.IC19966","shortname":"IC19966","number":"19966","type":"IC","@id":"http:\/\/irail.be\/vehicle\/IC19966"},"platform":"5","platforminfo":{"name":"5","normal":"1"},"canceled":"0","left":"0","isExtra":"0","departureConnection":"http:\/\/irail.be\/connections\/8885001\/20220303\/IC19966","occupancy":{"name":"unknown","@id":"http:\/\/api.irail.be\/terms\/unknown"}},{"id":"40","delay":"0","station":"Quevy","stationinfo":{"locationX":"3.909489","locationY":"50.341534","id":"BE.NMBS.008881505","name":"Quevy","@id":"http:\/\/irail.be\/stations\/NMBS\/008881505","standardname":"Quevy"},"time":"1646331900","vehicle":"BE.NMBS.L4690","vehicleinfo":{"name":"BE.NMBS.L4690","shortname":"L4690","number":"4690","type":"L","@id":"http:\/\/irail.be\/vehicle\/L4690"},"platform":"2","platforminfo":{"name":"2","normal":"1"},"canceled":"0","left":"0","isExtra":"0","departureConnection":"http:\/\/irail.be\/connections\/8885001\/20220303\/L4690","occupancy":{"name":"unknown","@id":"http:\/\/api.irail.be\/terms\/unknown"}},{"id":"41","delay":"0","station":"Namur","stationinfo":{"locationX":"4.86222","locationY":"50.468794","id":"BE.NMBS.008863008","name":"Namur","@id":"http:\/\/irail.be\/stations\/NMBS\/008863008","standardname":"Namur"},"time":"1646332980","vehicle":"BE.NMBS.IC919","vehicleinfo":{"name":"BE.NMBS.IC919","shortname":"IC919","number":"919","type":"IC","@id":"http:\/\/irail.be\/vehicle\/IC919"},"platform":"1","platforminfo":{"name":"1","normal":"1"},"canceled":"0","left":"0","isExtra":"0","departureConnection":"http:\/\/irail.be\/connections\/8885001\/20220303\/IC919","occupancy":{"name":"unknown","@id":"http:\/\/api.irail.be\/terms\/unknown"}},{"id":"42","delay":"0","station":"Brussels Airport - Zaventem","stationinfo":{"locationX":"4.482076","locationY":"50.896456","id":"BE.NMBS.008819406","name":"Brussels Airport - Zaventem","@id":"http:\/\/irail.be\/stations\/NMBS\/008819406","standardname":"Brussels Airport - Zaventem"},"time":"1646333040","vehicle":"BE.NMBS.IC1919","vehicleinfo":{"name":"BE.NMBS.IC1919","shortname":"IC1919","number":"1919","type":"IC","@id":"http:\/\/irail.be\/vehicle\/IC1919"},"platform":"3","platforminfo":{"name":"3","normal":"1"},"canceled":"0","left":"0","isExtra":"0","departureConnection":"http:\/\/irail.be\/connections\/8885001\/20220303\/IC1919","occupancy":{"name":"unknown","@id":"http:\/\/api.irail.be\/terms\/unknown"}},{"id":"43","delay":"0","station":"Kortrijk","stationinfo":{"locationX":"3.264549","locationY":"50.824506","id":"BE.NMBS.008896008","name":"Kortrijk","@id":"http:\/\/irail.be\/stations\/NMBS\/008896008","standardname":"Kortrijk"},"time":"1646333580","vehicle":"BE.NMBS.IC3240","vehicleinfo":{"name":"BE.NMBS.IC3240","shortname":"IC3240","number":"3240","type":"IC","@id":"http:\/\/irail.be\/vehicle\/IC3240"},"platform":"4","platforminfo":{"name":"4","normal":"1"},"canceled":"0","left":"0","isExtra":"0","departureConnection":"http:\/\/irail.be\/connections\/8885001\/20220303\/IC3240","occupancy":{"name":"unknown","@id":"http:\/\/api.irail.be\/terms\/unknown"}},{"id":"44","delay":"0","station":"Sint-Niklaas","stationinfo":{"locationX":"4.142966","locationY":"51.171472","id":"BE.NMBS.008894508","name":"Sint-Niklaas","@id":"http:\/\/irail.be\/stations\/NMBS\/008894508","standardname":"Sint-Niklaas"},"time":"1646334540","vehicle":"BE.NMBS.IC3219","vehicleinfo":{"name":"BE.NMBS.IC3219","shortname":"IC3219","number":"3219","type":"IC","@id":"http:\/\/irail.be\/vehicle\/IC3219"},"platform":"4","platforminfo":{"name":"4","normal":"1"},"canceled":"0","left":"0","isExtra":"0","departureConnection":"http:\/\/irail.be\/connections\/8885001\/20220303\/IC3219","occupancy":{"name":"unknown","@id":"http:\/\/api.irail.be\/terms\/unknown"}},{"id":"45","delay":"0","station":"Quevy","stationinfo":{"locationX":"3.909489","locationY":"50.341534","id":"BE.NMBS.008881505","name":"Quevy","@id":"http:\/\/irail.be\/stations\/NMBS\/008881505","standardname":"Quevy"},"time":"1646335260","vehicle":"BE.NMBS.L4691","vehicleinfo":{"name":"BE.NMBS.L4691","shortname":"L4691","number":"4691","type":"L","@id":"http:\/\/irail.be\/vehicle\/L4691"},"platform":"A","platforminfo":{"name":"A","normal":"1"},"canceled":"0","left":"0","isExtra":"0","departureConnection":"http:\/\/irail.be\/connections\/8885001\/20220303\/L4691","occupancy":{"name":"unknown","@id":"http:\/\/api.irail.be\/terms\/unknown"}},{"id":"46","delay":"0","station":"Lille Flandres","stationinfo":{"locationX":"3.066669","locationY":"50.633333","id":"BE.NMBS.008728600","name":"Lille Flandres","@id":"http:\/\/irail.be\/stations\/NMBS\/008728600","standardname":"Lille Flandres"},"time":"1646335260","vehicle":"BE.NMBS.IC19970","vehicleinfo":{"name":"BE.NMBS.IC19970","shortname":"IC19970","number":"19970","type":"IC","@id":"http:\/\/irail.be\/vehicle\/IC19970"},"platform":"5","platforminfo":{"name":"5","normal":"1"},"canceled":"0","left":"0","isExtra":"0","departureConnection":"http:\/\/irail.be\/connections\/8885001\/20220303\/IC19970","occupancy":{"name":"unknown","@id":"http:\/\/api.irail.be\/terms\/unknown"}},{"id":"47","delay":"0","station":"Namur","stationinfo":{"locationX":"4.86222","locationY":"50.468794","id":"BE.NMBS.008863008","name":"Namur","@id":"http:\/\/irail.be\/stations\/NMBS\/008863008","standardname":"Namur"},"time":"1646336580","vehicle":"BE.NMBS.IC920","vehicleinfo":{"name":"BE.NMBS.IC920","shortname":"IC920","number":"920","type":"IC","@id":"http:\/\/irail.be\/vehicle\/IC920"},"platform":"2","platforminfo":{"name":"2","normal":"1"},"canceled":"0","left":"0","isExtra":"0","departureConnection":"http:\/\/irail.be\/connections\/8885001\/20220303\/IC920","occupancy":{"name":"unknown","@id":"http:\/\/api.irail.be\/terms\/unknown"}},{"id":"48","delay":"0","station":"Brussels Airport - Zaventem","stationinfo":{"locationX":"4.482076","locationY":"50.896456","id":"BE.NMBS.008819406","name":"Brussels Airport - Zaventem","@id":"http:\/\/irail.be\/stations\/NMBS\/008819406","standardname":"Brussels Airport - Zaventem"},"time":"1646336640","vehicle":"BE.NMBS.IC1920","vehicleinfo":{"name":"BE.NMBS.IC1920","shortname":"IC1920","number":"1920","type":"IC","@id":"http:\/\/irail.be\/vehicle\/IC1920"},"platform":"3","platforminfo":{"name":"3","normal":"1"},"canceled":"0","left":"0","isExtra":"0","departureConnection":"http:\/\/irail.be\/connections\/8885001\/20220303\/IC1920","occupancy":{"name":"unknown","@id":"http:\/\/api.irail.be\/terms\/unknown"}},{"id":"49","delay":"0","station":"Kortrijk","stationinfo":{"locationX":"3.264549","locationY":"50.824506","id":"BE.NMBS.008896008","name":"Kortrijk","@id":"http:\/\/irail.be\/stations\/NMBS\/008896008","standardname":"Kortrijk"},"time":"1646337120","vehicle":"BE.NMBS.IC3241","vehicleinfo":{"name":"BE.NMBS.IC3241","shortname":"IC3241","number":"3241","type":"IC","@id":"http:\/\/irail.be\/vehicle\/IC3241"},"platform":"3","platforminfo":{"name":"3","normal":"1"},"canceled":"0","left":"0","isExtra":"0","departureConnection":"http:\/\/irail.be\/connections\/8885001\/20220303\/IC3241","occupancy":{"name":"unknown","@id":"http:\/\/api.irail.be\/terms\/unknown"}}]}}