{"version":"1.1","timestamp":"1646306500","station":"Moeskroen / Mouscron","stationinfo":{"locationX":"3.228448","locationY":"50.741005","id":"BE.NMBS.008885704","name":"Moeskroen \/ Mouscron","@id":"http:\/\/irail.be\/stations\/NMBS\/008885704","standardname":"Mouscron"},"departures":{"number":"50","departure":[{"id":"0","delay":"0","station":"Lille Flandres","stationinfo":{"locationX":"3.066669","locationY":"50.633333","id":"BE.NMBS.008728600","name":"Lille Flandres","@id":"http:\/\/irail.be\/stations\/NMBS\/008728600","standardname":"Lille Flandres"},"time":"1646307000","vehicle":"BE.NMBS.IC19734","vehicleinfo":{"name":"BE.NMBS.IC19734","shortname":"IC19734","number":"19734","type":"IC","@id":"http:\/\/irail.be\/vehicle\/IC19734"},"platform":"2","platforminfo":{"name":"2","normal":"1"},"canceled":"0","left":"0","isExtra":"0","departureConnection":"http:\/\/irail.be\/connections\/8885704\/20220303\/IC19734","occupancy":{"name":"unknown","@id":"http:\/\/api.irail.be\/terms\/unknown"}},{"id":"1","delay":"0","station":"Kortrijk","stationinfo":{"locationX":"3.264549","locationY":"50.824506","id":"BE.NMBS.008896008","name":"Kortrijk","@id":"http:\/\/irail.be\/stations\/NMBS\/008896008","standardname":"Kortrijk"},"time":"1646307360","vehicle":"BE.NMBS.IC19715","vehicleinfo":{"name":"BE.NMBS.IC19715","shortname":"IC19715","number":"19715","type":"IC","@id":"http:\/\/irail.be\/vehicle\/IC19715"},"platform":"1","platforminfo":{"name":"1","normal":"1"},"canceled":"0","left":"0","isExtra":"0","departureConnection":"http:\/\/irail.be\/connections\/8885704\/20220303\/IC19715","occupancy":{"name":"unknown","@id":"http:\/\/api.irail.be\/terms\/unknown"}},{"id":"2","delay":"0","station":"Sint-Niklaas","stationinfo":{"locationX":"4.142966","locationY":"51.171472","id":"BE.NMBS.008894508","name":"Sint-Niklaas","@id":"http:\/\/irail.be\/stations\/NMBS\/008894508","standardname":"Sint-Niklaas"},"time":"1646308140","vehicle":"BE.NMBS.IC3212","vehicleinfo":{"name":"BE.NMBS.IC3212","shortname":"IC3212","number":"3212","type":"IC","@id":"http:\/\/irail.be\/vehicle\/IC3212"},"platform":"2","platforminfo":{"name":"2","normal":"1"},"canceled":"0","left":"0","isExtra":"0","departureConnection":"http:\/\/irail.be\/connections\/8885704\/20220303\/IC3212","occupancy":{"name":"unknown","@id":"http:\/\/api.irail.be\/terms\/unknown"}},{"id":"3","delay":"0","station":"Quevy","stationinfo":{"locationX":"3.909489","locationY":"50.341534","id":"BE.NMBS.008881505","name":"Quevy","@id":"http:\/\/irail.be\/stations\/NMBS\/008881505","standardname":"Quevy"},"time":"1646308980","vehicle":"BE.NMBS.L4684","vehicleinfo":{"name":"BE.NMBS.L4684","shortname":"L4684","number":"4684","type":"L","@id":"http:\/\/irail.be\/vehicle\/L4684"},"platform":"4","platforminfo":{"name":"4","normal":"1"},"canceled":"0","left":"0","isExtra":"0","departureConnection":"http:\/\/irail.be\/connections\/8885704\/20220303\/L4684","occupancy":{"name":"unknown","@id":"http:\/\/api.irail.be\/terms\/unknown"}},{"id":"4","delay":"0","station":"Kortrijk","stationinfo":{"locationX":"3.264549","locationY":"50.824506","id":"BE.NMBS.008896008","name":"Kortrijk","@id":"http:\/\/irail.be\/stations\/NMBS\/008896008","standardname":"Kortrijk"},"time":"1646309520","vehicle":"BE.NMBS.IC3233","vehicleinfo":{"name":"BE.NMBS.IC3233","shortname":"IC3233","number":"3233","type":"IC","@id":"http:\/\/irail.be\/vehicle\/IC3233"},"platform":"1","platforminfo":{"name":"1","normal":"1"},"canceled":"0","left":"0","isExtra":"0","departureConnection":"http:\/\/irail.be\/connections\/8885704\/20220303\/IC3233","occupancy":{"name":"unknown","@id":"http:\/\/api.irail.be\/terms\/unknown"}},{"id":"5","delay":"0","station":"Lille Flandres","stationinfo":{"locationX":"3.066669","locationY":"50.633333","id":"BE.NMBS.008728600","name":"Lille Flandres","@id":"http:\/\/irail.be\/stations\/NMBS\/008728600","standardname":"Lille Flandres"},"time":"1646310420","vehicle":"BE.NMBS.IC19716","vehicleinfo":{"name":"BE.NMBS.IC19716","shortname":"IC19716","number":"19716","type":"IC","@id":"http:\/\/irail.be\/vehicle\/IC19716"},"platform":"2","platforminfo":{"name":"2","normal":"1"},"canceled":"0","left":"0","isExtra":"0","departureConnection":"http:\/\/irail.be\/connections\/8885704\/20220303\/IC19716","occupancy":{"name":"unknown","@id":"http:\/\/api.irail.be\/terms\/unknown"}},{"id":"6","delay":"0","station":"Kortrijk","stationinfo":{"locationX":"3.264549","locationY":"50.824506","id":"BE.NMBS.008896008","name":"Kortrijk","@id":"http:\/\/irail.be\/stations\/NMBS\/008896008","standardname":"Kortrijk"},"time":"1646310960","vehicle":"BE.NMBS.IC19739","vehicleinfo":{"name":"BE.NMBS.IC19739","shortname":"IC19739","number":"19739","type":"IC","@id":"http:\/\/irail.be\/vehicle\/IC19739"},"platform":"1","platforminfo":{"name":"1","normal":"1"},"canceled":"0","left":"0","isExtra":"0","departureConnection":"http:\/\/irail.be\/connections\/8885704\/20220303\/IC19739","occupancy":{"name":"unknown","@id":"http:\/\/api.irail.be\/terms\/unknown"}},{"id":"7","delay":"0","station":"Sint-Niklaas","stationinfo":{"locationX":"4.142966","locationY":"51.171472","id":"BE.NMBS.008894508","name":"Sint-Niklaas","@id":"http:\/\/irail.be\/stations\/NMBS\/008894508","standardname":"Sint-Niklaas"},"time":"1646311740","vehicle":"BE.NMBS.IC3213","vehicleinfo":{"name":"BE.NMBS.IC3213","shortname":"IC3213","number":"3213","type":"IC","@id":"http:\/\/irail.be\/vehicle\/IC3213"},"platform":"2","platforminfo":{"name":"2","normal":"1"},"canceled":"0","left":"0","isExtra":"0","departureConnection":"http:\/\/irail.be\/connections\/8885704\/20220303\/IC3213","occupancy":{"name":"unknown","@id":"http:\/\/api.irail.be\/terms\/unknown"}},{"id":"8","delay":"0","station":"Quevy","stationinfo":{"locationX":"3.909489","locationY":"50.341534","id":"BE.NMBS.008881505","name":"Quevy","@id":"http:\/\/irail.be\/stations\/NMBS\/008881505","standardname":"Quevy"},"time":"1646312580","vehicle":"BE.NMBS.L4685","vehicleinfo":{"name":"BE.NMBS.L4685","shortname":"L4685","number":"4685","type":"L","@id":"http:\/\/irail.be\/vehicle\/L4685"},"platform":"4","platforminfo":{"name":"4","normal":"1"},"canceled":"0","left":"0","isExtra":"0","departureConnection":"http:\/\/irail.be\/connections\/8885704\/20220303\/L4685","occupancy":{"name":"unknown","@id":"http:\/\/api.irail.be\/terms\/unknown"}},{"id":"9","delay":"0","station":"Kortrijk","stationinfo":{"locationX":"3.264549","locationY":"50.824506","id":"BE.NMBS.008896008","name":"Kortrijk","@id":"http:\/\/irail.be\/stations\/NMBS\/008896008","standardname":"Kortrijk"},"time":"1646313120","vehicle":"BE.NMBS.IC3234","vehicleinfo":{"name":"BE.NMBS.IC3234","shortname":"IC3234","number":"3234","type":"IC","@id":"http:\/\/irail.be\/vehicle\/IC3234"},"platform":"1","platforminfo":{"name":"1","normal":"1"},"canceled":"0","left":"0","isExtra":"0","departureConnection":"http:\/\/irail.be\/connections\/8885704\/20220303\/IC3234","occupancy":{"name":"unknown","@id":"http:\/\/api.irail.be\/terms\/unknown"}},{"id":"10","delay":"0","station":"Lille Flandres","stationinfo":{"locationX":"3.066669","locationY":"50.633333","id":"BE.NMBS.008728600","name":"Lille Flandres","@id":"http:\/\/irail.be\/stations\/NMBS\/008728600","standardname":"Lille Flandres"},"time":"1646314200","vehicle":"BE.NMBS.IC19718","vehicleinfo":{"name":"BE.NMBS.IC19718","shortname":"IC19718","number":"19718","type":"IC","@id":"http:\/\/irail.be\/vehicle\/IC19718"},"platform":"2","platforminfo":{"name":"2","normal":"1"},"canceled":"0","left":"0","isExtra":"0","departureConnection":"http:\/\/irail.be\/connections\/8885704\/20220303\/IC19718","occupancy":{"name":"unknown","@id":"http:\/\/api.irail.be\/terms\/unknown"}},{"id":"11","delay":"0","station":"Kortrijk","stationinfo":{"locationX":"3.264549","locationY":"50.824506","id":"BE.NMBS.008896008","name":"Kortrijk","@id":"http:\/\/irail.be\/stations\/NMBS\/008896008","standardname":"Kortrijk"},"time":"1646314560","vehicle":"BE.NMBS.IC19719","vehicleinfo":{"name":"BE.NMBS.IC19719","shortname":"IC19719","number":"19719","type":"IC","@id":"http:\/\/irail.be\/vehicle\/IC19719"},"platform":"1","platforminfo":{"name":"1","normal":"1"},"canceled":"0","left":"0","isExtra":"0","departureConnection":"http:\/\/irail.be\/connections\/8885704\/20220303\/IC19719","occupancy":{"name":"unknown","@id":"http:\/\/api.irail.be\/terms\/unknown"}},{"id":"12","delay":"0","station":"Sint-Niklaas","stationinfo":{"locationX":"4.142966","locationY":"51.171472","id":"BE.NMBS.008894508","name":"Sint-Niklaas","@id":"http:\/\/irail.be\/stations\/NMBS\/008894508","standardname":"Sint-Niklaas"},"time":"1646315340","vehicle":"BE.NMBS.IC3214","vehicleinfo":{"name":"BE.NMBS.IC3214","shortname":"IC3214","number":"3214","type":"IC","@id":"http:\/\/irail.be\/vehicle\/IC3214"},"platform":"2","platforminfo":{"name":"2","normal":"1"},"canceled":"0","left":"0","isExtra":"0","departureConnection":"http:\/\/irail.be\/connections\/8885704\/20220303\/IC3214","occupancy":{"name":"unknown","@id":"http:\/\/api.irail.be\/terms\/unknown"}},{"id":"13","delay":"0","station":"Quevy","stationinfo":{"locationX":"3.909489","locationY":"50.341534","id":"BE.NMBS.008881505","name":"Quevy","@id":"http:\/\/irail.be\/stations\/NMBS\/008881505","standardname":"Quevy"},"time":"1646316180","vehicle":"BE.NMBS.L4686","vehicleinfo":{"name":"BE.NMBS.L4686","shortname":"L4686","number":"4686","type":"L","@id":"http:\/\/irail.be\/vehicle\/L4686"},"platform":"4","platforminfo":{"name":"4","normal":"1"},"canceled":"0","left":"0","isExtra":"0","departureConnection":"http:\/\/irail.be\/connections\/8885704\/20220303\/L4686","occupancy":{"name":"unknown","@id":"http:\/\/api.irail.be\/terms\/unknown"}},{"id":"14","delay":"0","station":"Kortrijk","stationinfo":{"locationX":"3.264549","locationY":"50.824506","id":"BE.NMBS.008896008","name":"Kortrijk","@id":"http:\/\/irail.be\/stations\/NMBS\/008896008","standardname":"Kortrijk"},"time":"1646316720","vehicle":"BE.NMBS.IC3235","vehicleinfo":{"name":"BE.NMBS.IC3235","shortname":"IC3235","number":"3235","type":"IC","@id":"http:\/\/irail.be\/vehicle\/IC3235"},"platform":"1","platforminfo":{"name":"1","normal":"1"},"canceled":"0","left":"0","isExtra":"0","departureConnection":"http:\/\/irail.be\/connections\/8885704\/20220303\/IC3235","occupancy":{"name":"unknown","@id":"http:\/\/api.irail.be\/terms\/unknown"}},{"id":"15","delay":"0","station":"Lille Flandres","stationinfo":{"locationX":"3.066669","locationY":"50.633333","id":"BE.NMBS.008728600","name":"Lille Flandres","@id":"http:\/\/irail.be\/stations\/NMBS\/008728600","standardname":"Lille Flandres"},"time":"1646317800","vehicle":"BE.NMBS.IC19720","vehicleinfo":{"name":"BE.NMBS.IC19720","shortname":"IC19720","number":"19720","type":"IC","@id":"http:\/\/irail.be\/vehicle\/IC19720"},"platform":"2","platforminfo":{"name":"2","normal":"1"},"canceled":"0","left":"0","isExtra":"0","departureConnection":"http:\/\/irail.be\/connections\/8885704\/20220303\/IC19720","occupancy":{"name":"unknown","@id":"http:\/\/api.irail.be\/terms\/unknown"}},{"id":"16","delay":"0","station":"Sint-Niklaas","stationinfo":{"locationX":"4.142966","locationY":"51.171472","id":"BE.NMBS.008894508","name":"Sint-Niklaas","@id":"http:\/\/irail.be\/stations\/NMBS\/008894508","standardname":"Sint-Niklaas"},"time":"1646318940","vehicle":"BE.NMBS.IC3215","vehicleinfo":{"name":"BE.NMBS.IC3215","shortname":"IC3215","number":"3215","type":"IC","@id":"http:\/\/irail.be\/vehicle\/IC3215"},"platform":"4","platforminfo":{"name":"4","normal":"1"},"canceled":"0","left":"0","isExtra":"0","departureConnection":"http:\/\/irail.be\/connections\/8885704\/20220303\/IC3215","occupancy":{"name":"unknown","@id":"http:\/\/api.irail.be\/terms\/unknown"}},{"id":"17","delay":"0","station":"Mons","stationinfo":{"locationX":"3.942542","locationY":"50.453854","id":"BE.NMBS.008881000","name":"Mons","@id":"http:\/\/irail.be\/stations\/NMBS\/008881000","standardname":"Mons"},"time":"1646319600","vehicle":"BE.NMBS.L4687","vehicleinfo":{"name":"BE.NMBS.L4687","shortname":"L4687","number":"4687","type":"L","@id":"http:\/\/irail.be\/vehicle\/L4687"},"platform":"3","platforminfo":{"name":"3","normal":"1"},"canceled":"0","left":"0","isExtra":"0","departureConnection":"http:\/\/irail.be\/connections\/8885704\/20220303\/L4687","occupancy":{"name":"unknown","@id":"http:\/\/api.irail.be\/terms\/unknown"}},{"id":"18","delay":"0","station":"Kortrijk","stationinfo":{"locationX":"3.264549","locationY":"50.824506","id":"BE.NMBS.008896008","name":"Kortrijk","@id":"http:\/\/irail.be\/stations\/NMBS\/008896008","standardname":"Kortrijk"},"time":"1646320320","vehicle":"BE.NMBS.IC3236","vehicleinfo":{"name":"BE.NMBS.IC3236","shortname":"IC3236","number":"3236","type":"IC","@id":"http:\/\/irail.be\/vehicle\/IC3236"},"platform":"1","platforminfo":{"name":"1","normal":"1"},"canceled":"0","left":"0","isExtra":"0","departureConnection":"http:\/\/irail.be\/connections\/8885704\/20220303\/IC3236","occupancy":{"name":"unknown","@id":"http:\/\/api.irail.be\/terms\/unknown"}},{"id":"19","delay":"0","station":"Lille Flandres","stationinfo":{"locationX":"3.066669","locationY":"50.633333","id":"BE.NMBS.008728600","name":"Lille Flandres","@id":"http:\/\/irail.be\/stations\/NMBS\/008728600","standardname":"Lille Flandres"},"time":"1646321400","vehicle":"BE.NMBS.IC19736","vehicleinfo":{"name":"BE.NMBS.IC19736","shortname":"IC19736","number":"19736","type":"IC","@id":"http:\/\/irail.be\/vehicle\/IC19736"},"platform":"2","platforminfo":{"name":"2","normal":"1"},"canceled":"0","left":"0","isExtra":"0","departureConnection":"http:\/\/irail.be\/connections\/8885704\/20220303\/IC19736","occupancy":{"name":"unknown","@id":"http:\/\/api.irail.be\/terms\/unknown"}},{"id":"20","delay":"0","station":"Kortrijk","stationinfo":{"locationX":"3.264549","locationY":"50.824506","id":"BE.NMBS.008896008","name":"Kortrijk","@id":"http:\/\/irail.be\/stations\/NMBS\/008896008","standardname":"Kortrijk"},"time":"1646321760","vehicle":"BE.NMBS.IC19725","vehicleinfo":{"name":"BE.NMBS.IC19725","shortname":"IC19725","number":"19725","type":"IC","@id":"http:\/\/irail.be\/vehicle\/IC19725"},"platform":"1","platforminfo":{"name":"1","normal":"1"},"canceled":"0","left":"0","isExtra":"0","departureConnection":"http:\/\/irail.be\/connections\/8885704\/20220303\/IC19725","occupancy":{"name":"unknown","@id":"http:\/\/api.irail.be\/terms\/unknown"}},{"id":"21","delay":"0","station":"Sint-Niklaas","stationinfo":{"locationX":"4.142966","locationY":"51.171472","id":"BE.NMBS.008894508","name":"Sint-Niklaas","@id":"http:\/\/irail.be\/stations\/NMBS\/008894508","standardname":"Sint-Niklaas"},"time":"1646322540","vehicle":"BE.NMBS.IC3216","vehicleinfo":{"name":"BE.NMBS.IC3216","shortname":"IC3216","number":"3216","type":"IC","@id":"http:\/\/irail.be\/vehicle\/IC3216"},"platform":"2","platforminfo":{"name":"2","normal":"1"},"canceled":"0","left":"0","isExtra":"0","departureConnection":"http:\/\/irail.be\/connections\/8885704\/20220303\/IC3216","occupancy":{"name":"unknown","@id":"http:\/\/api.irail.be\/terms\/unknown"}},{"id":"22","delay":"0","station":"Mons","stationinfo":{"locationX":"3.942542","locationY":"50.453854","id":"BE.NMBS.008881000","name":"Mons","@id":"http:\/\/irail.be\/stations\/NMBS\/008881000","standardname":"Mons"},"time":"1646323500","vehicle":"BE.NMBS.L4688","vehicleinfo":{"name":"BE.NMBS.L4688","shortname":"L4688","number":"4688","type":"L","@id":"http:\/\/irail.be\/vehicle\/L4688"},"platform":"3","platforminfo":{"name":"3","normal":"1"},"canceled":"0","left":"0","isExtra":"0","departureConnection":"http:\/\/irail.be\/connections\/8885704\/20220303\/L4688","occupancy":{"name":"unknown","@id":"http:\/\/api.irail.be\/terms\/unknown"}},{"id":"23","delay":"0","station":"Kortrijk","stationinfo":{"locationX":"3.264549","locationY":"50.824506","id":"BE.NMBS.008896008","name":"Kortrijk","@id":"http:\/\/irail.be\/stations\/NMBS\/008896008","standardname":"Kortrijk"},"time":"1646324040","vehicle":"BE.NMBS.IC3237","vehicleinfo":{"name":"BE.NMBS.IC3237","shortname":"IC3237","number":"3237","type":"IC","@id":"http:\/\/irail.be\/vehicle\/IC3237"},"platform":"1","platforminfo":{"name":"1","normal":"1"},"canceled":"0","left":"0","isExtra":"0","departureConnection":"http:\/\/irail.be\/connections\/8885704\/20220303\/IC3237","occupancy":{"name":"unknown","@id":"http:\/\/api.irail.be\/terms\/unknown"}},{"id":"24","delay":"0","station":"Lille Flandres","stationinfo":{"locationX":"3.066669","locationY":"50.633333","id":"BE.NMBS.008728600","name":"Lille Flandres","@id":"http:\/\/irail.be\/stations\/NMBS\/008728600","standardname":"Lille Flandres"},"time":"1646324820","vehicle":"BE.NMBS.IC19742","vehicleinfo":{"name":"BE.NMBS.IC19742","shortname":"IC19742","number":"19742","type":"IC","@id":"http:\/\/irail.be\/vehicle\/IC19742"},"platform":"2","platforminfo":{"name":"2","normal":"1"},"canceled":"0","left":"0","isExtra":"0","departureConnection":"http:\/\/irail.be\/connections\/8885704\/20220303\/IC19742","occupancy":{"name":"unknown","@id":"http:\/\/api.irail.be\/terms\/unknown"}},{"id":"25","delay":"0","station":"Kortrijk","stationinfo":{"locationX":"3.264549","locationY":"50.824506","id":"BE.NMBS.008896008","name":"Kortrijk","@id":"http:\/\/irail.be\/stations\/NMBS\/008896008","standardname":"Kortrijk"},"time":"1646325360","vehicle":"BE.NMBS.IC19751","vehicleinfo":{"name":"BE.NMBS.IC19751","shortname":"IC19751","number":"19751","type":"IC","@id":"http:\/\/irail.be\/vehicle\/IC19751"},"platform":"1","platforminfo":{"name":"1","normal":"1"},"canceled":"0","left":"0","isExtra":"0","departureConnection":"http:\/\/irail.be\/connections\/8885704\/20220303\/IC19751","occupancy":{"name":"unknown","@id":"http:\/\/api.irail.be\/terms\/unknown"}},{"id":"26","delay":"0","station":"Kortrijk","stationinfo":{"locationX":"3.264549","locationY":"50.824506","id":"BE.NMBS.008896008","name":"Kortrijk","@id":"http:\/\/irail.be\/stations\/NMBS\/008896008","standardname":"Kortrijk"},"time":"1646325540","vehicle":"BE.NMBS.IC937","vehicleinfo":{"name":"BE.NMBS.IC937","shortname":"IC937","number":"937","type":"IC","@id":"http:\/\/irail.be\/vehicle\/IC937"},"platform":"3","platforminfo":{"name":"3","normal":"1"},"canceled":"0","left":"0","isExtra":"0","departureConnection":"http:\/\/irail.be\/connections\/8885704\/20220303\/IC937","occupancy":{"name":"unknown","@id":"http:\/\/api.irail.be\/terms\/unknown"}},{"id":"27","delay":"0","station":"Sint-Niklaas","stationinfo":{"locationX":"4.142966","locationY":"51.171472","id":"BE.NMBS.008894508","name":"Sint-Niklaas","@id":"http:\/\/irail.be\/stations\/NMBS\/008894508","standardname":"Sint-Niklaas"},"time":"1646326320","vehicle":"BE.NMBS.IC3217","vehicleinfo":{"name":"BE.NMBS.IC3217","shortname":"IC3217","number":"3217","type":"IC","@id":"http:\/\/irail.be\/vehicle\/IC3217"},"platform":"4","platforminfo":{"name":"4","normal":"1"},"canceled":"0","left":"0","isExtra":"0","departureConnection":"http:\/\/irail.be\/connections\/8885704\/20220303\/IC3217","occupancy":{"name":"unknown","@id":"http:\/\/api.irail.be\/terms\/unknown"}},{"id":"28","delay":"0","station":"Kortrijk","stationinfo":{"locationX":"3.264549","locationY":"50.824506","id":"BE.NMBS.008896008","name":"Kortrijk","@id":"http:\/\/irail.be\/stations\/NMBS\/008896008","standardname":"Kortrijk"},"time":"1646327460","vehicle":"BE.NMBS.IC3238","vehicleinfo":{"name":"BE.NMBS.IC3238","shortname":"IC3238","number":"3238","type":"IC","@id":"http:\/\/irail.be\/vehicle\/IC3238"},"platform":"1","platforminfo":{"name":"1","normal":"1"},"canceled":"0","left":"0","isExtra":"0","departureConnection":"http:\/\/irail.be\/connections\/8885704\/20220303\/IC3238","occupancy":{"name":"unknown","@id":"http:\/\/api.irail.be\/terms\/unknown"}},{"id":"29","delay":"0","station":"Lille Flandres","stationinfo":{"locationX":"3.066669","locationY":"50.633333","id":"BE.NMBS.008728600","name":"Lille Flandres","@id":"http:\/\/irail.be\/stations\/NMBS\/008728600","standardname":"Lille Flandres"},"time":"1646328420","vehicle":"BE.NMBS.IC19744","vehicleinfo":{"name":"BE.NMBS.IC19744","shortname":"IC19744","number":"19744","type":"IC","@id":"http:\/\/irail.be\/vehicle\/IC19744"},"platform":"2","platforminfo":{"name":"2","normal":"1"},"canceled":"0","left":"0","isExtra":"0","departureConnection":"http:\/\/irail.be\/connections\/8885704\/20220303\/IC19744","occupancy":{"name":"unknown","@id":"http:\/\/api.irail.be\/terms\/unknown"}},{"id":"30","delay":"0","station":"Kortrijk","stationinfo":{"locationX":"3.264549","locationY":"50.824506","id":"BE.NMBS.008896008","name":"Kortrijk","@id":"http:\/\/irail.be\/stations\/NMBS\/008896008","standardname":"Kortrijk"},"time":"1646328960","vehicle":"BE.NMBS.IC19729","vehicleinfo":{"name":"BE.NMBS.IC19729","shortname":"IC19729","number":"19729","type":"IC","@id":"http:\/\/irail.be\/vehicle\/IC19729"},"platform":"1","platforminfo":{"name":"1","normal":"1"},"canceled":"0","left":"0","isExtra":"0","departureConnection":"http:\/\/irail.be\/connections\/8885704\/20220303\/IC19729","occupancy":{"name":"unknown","@id":"http:\/\/api.irail.be\/terms\/unknown"}},{"id":"31","delay":"0","station":"Kortrijk","stationinfo":{"locationX":"3.264549","locationY":"50.824506","id":"BE.NMBS.008896008","name":"Kortrijk","@id":"http:\/\/irail.be\/stations\/NMBS\/008896008","standardname":"Kortrijk"},"time":"1646329440","vehicle":"BE.NMBS.IC938","vehicleinfo":{"name":"BE.NMBS.IC938","shortname":"IC938","number":"938","type":"IC","@id":"http:\/\/irail.be\/vehicle\/IC938"},"platform":"1","platforminfo":{"name":"1","normal":"1"},"canceled":"0","left":"0","isExtra":"0","departureConnection":"http:\/\/irail.be\/connections\/8885704\/20220303\/IC938","occupancy":{"name":"unknown","@id":"http:\/\/api.irail.be\/terms\/unknown"}},{"id":"32","delay":"0","station":"Sint-Niklaas","stationinfo":{"locationX":"4.142966","locationY":"51.171472","id":"BE.NMBS.008894508","name":"Sint-Niklaas","@id":"http:\/\/irail.be\/stations\/NMBS\/008894508","standardname":"Sint-Niklaas"},"time":"1646329920","vehicle":"BE.NMBS.IC3218","vehicleinfo":{"name":"BE.NMBS.IC3218","shortname":"IC3218","number":"3218","type":"IC","@id":"http:\/\/irail.be\/vehicle\/IC3218"},"platform":"4","platforminfo":{"name":"4","normal":"1"},"canceled":"0","left":"0","isExtra":"0","departureConnection":"http:\/\/irail.be\/connections\/8885704\/20220303\/IC3218","occupancy":{"name":"unknown","@id":"http:\/\/api.irail.be\/terms\/unknown"}},{"id":"33","delay":"0","station":"Kortrijk","stationinfo":{"locationX":"3.264549","locationY":"50.824506","id":"BE.NMBS.008896008","name":"Kortrijk","@id":"http:\/\/irail.be\/stations\/NMBS\/008896008","standardname":"Kortrijk"},"time":"1646331120","vehicle":"BE.NMBS.IC3239","vehicleinfo":{"name":"BE.NMBS.IC3239","shortname":"IC3239","number":"3239","type":"IC","@id":"http:\/\/irail.be\/vehicle\/IC3239"},"platform":"1","platforminfo":{"name":"1","normal":"1"},"canceled":"0","left":"0","isExtra":"0","departureConnection":"http:\/\/irail.be\/connections\/8885704\/20220303\/IC3239","occupancy":{"name":"unknown","@id":"http:\/\/api.irail.be\/terms\/unknown"}},{"id":"34","delay":"0","station":"Lille Flandres","stationinfo":{"locationX":"3.066669","locationY":"50.633333","id":"BE.NMBS.008728600","name":"Lille Flandres","@id":"http:\/\/irail.be\/stations\/NMBS\/008728600","standardname":"Lille Flandres"},"time":"1646332200","vehicle":"BE.NMBS.IC19726","vehicleinfo":{"name":"BE.NMBS.IC19726","shortname":"IC19726","number":"19726","type":"IC","@id":"http:\/\/irail.be\/vehicle\/IC19726"},"platform":"2","platforminfo":{"name":"2","normal":"1"},"canceled":"0","left":"0","isExtra":"0","departureConnection":"http:\/\/irail.be\/connections\/8885704\/20220303\/IC19726","occupancy":{"name":"unknown","@id":"http:\/\/api.irail.be\/terms\/unknown"}},{"id":"35","delay":"0","station":"Kortrijk","stationinfo":{"locationX":"3.264549","locationY":"50.824506","id":"BE.NMBS.008896008","name":"Kortrijk","@id":"http:\/\/irail.be\/stations\/NMBS\/008896008","standardname":"Kortrijk"},"time":"1646332560","vehicle":"BE.NMBS.IC19735","vehicleinfo":{"name":"BE.NMBS.IC19735","shortname":"IC19735","number":"19735","type":"IC","@id":"http:\/\/irail.be\/vehicle\/IC19735"},"platform":"1","platforminfo":{"name":"1","normal":"1"},"canceled":"0","left":"0","isExtra":"0","departureConnection":"http:\/\/irail.be\/connections\/8885704\/20220303\/IC19735","occupancy":{"name":"unknown","@id":"http:\/\/api.irail.be\/terms\/unknown"}},{"id":"36","delay":"0","station":"Sint-Niklaas","stationinfo":{"locationX":"4.142966","locationY":"51.171472","id":"BE.NMBS.008894508","name":"Sint-Niklaas","@id":"http:\/\/irail.be\/stations\/NMBS\/008894508","standardname":"Sint-Niklaas"},"time":"1646333340","vehicle":"BE.NMBS.IC3219","vehicleinfo":{"name":"BE.NMBS.IC3219","shortname":"IC3219","number":"3219","type":"IC","@id":"http:\/\/irail.be\/vehicle\/IC3219"},"platform":"2","platforminfo":{"name":"2","normal":"1"},"canceled":"0","left":"0","isExtra":"0","departureConnection":"http:\/\/irail.be\/connections\/8885704\/20220303\/IC3219","occupancy":{"name":"unknown","@id":"http:\/\/api.irail.be\/terms\/unknown"}},{"id":"37","delay":"0","station":"Kortrijk","stationinfo":{"locationX":"3.264549","locationY":"50.824506","id":"BE.NMBS.008896008","name":"Kortrijk","@id":"http:\/\/irail.be\/stations\/NMBS\/008896008","standardname":"Kortrijk"},"time":"1646334720","vehicle":"BE.NMBS.IC3240","vehicleinfo":{"name":"BE.NMBS.IC3240","shortname":"IC3240","number":"3240","type":"IC","@id":"http:\/\/irail.be\/vehicle\/IC3240"},"platform":"1","platforminfo":{"name":"1","normal":"1"},"canceled":"0","left":"0","isExtra":"0","departureConnection":"http:\/\/irail.be\/connections\/8885704\/20220303\/IC3240","occupancy":{"name":"unknown","@id":"http:\/\/api.irail.be\/terms\/unknown"}},{"id":"38","delay":"0","station":"Lille Flandres","stationinfo":{"locationX":"3.066669","locationY":"50.633333","id":"BE.NMBS.008728600","name":"Lille Flandres","@id":"http:\/\/irail.be\/stations\/NMBS\/008728600","standardname":"Lille Flandres"},"time":"1646335800","vehicle":"BE.NMBS.IC19728","vehicleinfo":{"name":"BE.NMBS.IC19728","shortname":"IC19728","number":"19728","type":"IC","@id":"http:\/\/irail.be\/vehicle\/IC19728"},"platform":"2","platforminfo":{"name":"2","normal":"1"},"canceled":"0","left":"0","isExtra":"0","departureConnection":"http:\/\/irail.be\/connections\/8885704\/20220303\/IC19728","occupancy":{"name":"unknown","@id":"http:\/\/api.irail.be\/terms\/unknown"}},{"id":"39","delay":"0","station":"Kortrijk","stationinfo":{"locationX":"3.264549","locationY":"50.824506","id":"BE.NMBS.008896008","name":"Kortrijk","@id":"http:\/\/irail.be\/stations\/NMBS\/008896008","standardname":"Kortrijk"},"time":"1646336160","vehicle":"BE.NMBS.IC19737","vehicleinfo":{"name":"BE.NMBS.IC19737","shortname":"IC19737","number":"19737","type":"IC","@id":"http:\/\/irail.be\/vehicle\/IC19737"},"platform":"1","platforminfo":{"name":"1","normal":"1"},"canceled":"0","left":"0","isExtra":"0","departureConnection":"http:\/\/irail.be\/connections\/8885704\/20220303\/IC19737","occupancy":{"name":"unknown","@id":"http:\/\/api.irail.be\/terms\/unknown"}},{"id":"40","delay":"0","station":"Sint-Niklaas","stationinfo":{"locationX":"4.142966","locationY":"51.171472","id":"BE.NMBS.008894508","name":"Sint-Niklaas","@id":"http:\/\/irail.be\/stations\/NMBS\/008894508","standardname":"Sint-Niklaas"},"time":"1646336940","vehicle":"BE.NMBS.IC3220","vehicleinfo":{"name":"BE.NMBS.IC3220","shortname":"IC3220","number":"3220","type":"IC","@id":"http:\/\/irail.be\/vehicle\/IC3220"},"platform":"2","platforminfo":{"name":"2","normal":"1"},"canceled":"0","left":"0","isExtra":"0","departureConnection":"http:\/\/irail.be\/connections\/8885704\/20220303\/IC3220","occupancy":{"name":"unknown","@id":"http:\/\/api.irail.be\/terms\/unknown"}},{"id":"41","delay":"0","station":"Kortrijk","stationinfo":{"locationX":"3.264549","locationY":"50.824506","id":"BE.NMBS.008896008","name":"Kortrijk","@id":"http:\/\/irail.be\/stations\/NMBS\/008896008","standardname":"Kortrijk"},"time":"1646338260","vehicle":"BE.NMBS.IC3241","vehicleinfo":{"name":"BE.NMBS.IC3241","shortname":"IC3241","number":"3241","type":"IC","@id":"http:\/\/irail.be\/vehicle\/IC3241"},"platform":"1","platforminfo":{"name":"1","normal":"1"},"canceled":"0","left":"0","isExtra":"0","departureConnection":"http:\/\/irail.be\/connections\/8885704\/20220303\/IC3241","occupancy":{"name":"unknown","@id":"http:\/\/api.irail.be\/terms\/unknown"}},{"id":"42","delay":"0","station":"Lille Flandres","stationinfo":{"locationX":"3.066669","locationY":"50.633333","id":"BE.NMBS.008728600","name":"Lille Flandres","@id":"http:\/\/irail.be\/stations\/NMBS\/008728600","standardname":"Lille Flandres"},"time":"1646339400","vehicle":"BE.NMBS.IC19730","vehicleinfo":{"name":"BE.NMBS.IC19730","shortname":"IC19730","number":"19730","type":"IC","@id":"http:\/\/irail.be\/vehicle\/IC19730"},"platform":"2","platforminfo":{"name":"2","normal":"1"},"canceled":"0","left":"0","isExtra":"0","departureConnection":"http:\/\/irail.be\/connections\/8885704\/20220303\/IC19730","occupancy":{"name":"unknown","@id":"http:\/\/api.irail.be\/terms\/unknown"}},{"id":"43","delay":"0","station":"Kortrijk","stationinfo":{"locationX":"3.264549","locationY":"50.824506","id":"BE.NMBS.008896008","name":"Kortrijk","@id":"http:\/\/irail.be\/stations\/NMBS\/008896008","standardname":"Kortrijk"},"time":"1646339760","vehicle":"BE.NMBS.IC19741","vehicleinfo":{"name":"BE.NMBS.IC19741","shortname":"IC19741","number":"19741","type":"IC","@id":"http:\/\/irail.be\/vehicle\/IC19741"},"platform":"1","platforminfo":{"name":"1","normal":"1"},"canceled":"0","left":"0","isExtra":"0","departureConnection":"http:\/\/irail.be\/connections\/8885704\/20220303\/IC19741","occupancy":{"name":"unknown","@id":"http:\/\/api.irail.be\/terms\/unknown"}},{"id":"44","delay":"0","station":"Dendermonde","stationinfo":{"locationX":"4.101427","locationY":"51.022781","id":"BE.NMBS.008893401","name":"Dendermonde","@id":"http:\/\/irail.be\/stations\/NMBS\/008893401","standardname":"Dendermonde"},"time":"1646340540","vehicle":"BE.NMBS.IC3221","vehicleinfo":{"name":"BE.NMBS.IC3221","shortname":"IC3221","number":"3221","type":"IC","@id":"http:\/\/irail.be\/vehicle\/IC3221"},"platform":"2","platforminfo":{"name":"2","normal":"1"},"canceled":"0","left":"0","isExtra":"0","departureConnection":"http:\/\/irail.be\/connections\/8885704\/20220303\/IC3221","occupancy":{"name":"unknown","@id":"http:\/\/api.irail.be\/terms\/unknown"}},{"id":"45","delay":"0","station":"Kortrijk","stationinfo":{"locationX":"3.264549","locationY":"50.824506","id":"BE.NMBS.008896008","name":"Kortrijk","@id":"http:\/\/irail.be\/stations\/NMBS\/008896008","standardname":"Kortrijk"},"time":"1646341860","vehicle":"BE.NMBS.IC3242","vehicleinfo":{"name":"BE.NMBS.IC3242","shortname":"IC3242","number":"3242","type":"IC","@id":"http:\/\/irail.be\/vehicle\/IC3242"},"platform":"1","platforminfo":{"name":"1","normal":"1"},"canceled":"0","left":"0","isExtra":"0","departureConnection":"http:\/\/irail.be\/connections\/8885704\/20220303\/IC3242","occupancy":{"name":"unknown","@id":"http:\/\/api.irail.be\/terms\/unknown"}},{"id":"46","delay":"0","station":"Kortrijk","stationinfo":{"locationX":"3.264549","locationY":"50.824506","id":"BE.NMBS.008896008","name":"Kortrijk","@id":"http:\/\/irail.be\/stations\/NMBS\/008896008","standardname":"Kortrijk"},"time":"1646343360","vehicle":"BE.NMBS.IC19743","vehicleinfo":{"name":"BE.NMBS.IC19743","shortname":"IC19743","number":"19743","type":"IC","@id":"http:\/\/irail.be\/vehicle\/IC19743"},"platform":"1","platforminfo":{"name":"1","normal":"1"},"canceled":"0","left":"0","isExtra":"0","departureConnection":"http:\/\/irail.be\/connections\/8885704\/20220303\/IC19743","occupancy":{"name":"unknown","@id":"http:\/\/api.irail.be\/terms\/unknown"}},{"id":"47","delay":"0","station":"Mons","stationinfo":{"locationX":"3.942542","locationY":"50.453854","id":"BE.NMBS.008881000","name":"Mons","@id":"http:\/\/irail.be\/stations\/NMBS\/008881000","standardname":"Mons"},"time":"1646365620","vehicle":"BE.NMBS.P7511","vehicleinfo":{"name":"BE.NMBS.P7511","shortname":"P7511","number":"7511","type":"P","@id":"http:\/\/irail.be\/vehicle\/P7511"},"platform":"4","platforminfo":{"name":"4","normal":"1"},"canceled":"0","left":"0","isExtra":"0","departureConnection":"http:\/\/irail.be\/connections\/8885704\/20220304\/P7511","occupancy":{"name":"unknown","@id":"http:\/\/api.irail.be\/terms\/unknown"}},{"id":"48","delay":"0","station":"Namur","stationinfo":{"locationX":"4.86222","locationY":"50.468794","id":"BE.NMBS.008863008","name":"Namur","@id":"http:\/\/irail.be\/stations\/NMBS\/008863008","standardname":"Namur"},"time":"1646367720","vehicle":"BE.NMBS.IC905","vehicleinfo":{"name":"BE.NMBS.IC905","shortname":"IC905","number":"905","type":"IC","@id":"http:\/\/irail.be\/vehicle\/IC905"},"platform":"4","platforminfo":{"name":"4","normal":"1"},"canceled":"0","left":"0","isExtra":"0","departureConnection":"http:\/\/irail.be\/connections\/8885704\/20220304\/IC905","occupancy":{"name":"unknown","@id":"http:\/\/api.irail.be\/terms\/unknown"}},{"id":"49","delay":"0","station":"Sint-Niklaas","stationinfo":{"locationX":"4.142966","locationY":"51.171472","id":"BE.NMBS.008894508","name":"Sint-Niklaas","@id":"http:\/\/irail.be\/stations\/NMBS\/008894508","standardname":"Sint-Niklaas"},"time":"1646369280","vehicle":"BE.NMBS.IC3205","vehicleinfo":{"name":"BE.NMBS.IC3205","shortname":"IC3205","number":"3205","type":"IC","@id":"http:\/\/irail.be\/vehicle\/IC3205"},"platform":"4","platforminfo":{"name":"4","normal":"1"},"canceled":"0","left":"0","isExtra":"0","departureConnection":"http:\/\/irail.be\/connections\/8885704\/20220304\/IC3205","occupancy":{"name":"unknown","@id":"http:\/\/api.irail.be\/terms\/unknown"}}]}}