{"version":"1.1","timestamp":"1646306275","station":"Charleroi-Sud","stationinfo":{"locationX":"4.438567","locationY":"50.40471","id":"BE.NMBS.008872009","name":"Charleroi-Sud","@id":"http:\/\/irail.be\/stations\/NMBS\/008872009","standardname":"Charleroi-Sud"},"departures":{"number":"50","departure":[{"id":"0","delay":"120","station":"Jambes","stationinfo":{"locationX":"4.876144","locationY":"50.454843","id":"BE.NMBS.008863115","name":"Jambes","@id":"http:\/\/irail.be\/stations\/NMBS\/008863115","standardname":"Jambes"},"time":"1646306160","vehicle":"BE.NMBS.S614561","vehicleinfo":{"name":"BE.NMBS.S614561","shortname":"S614561","number":"4561","type":"S61","@id":"http:\/\/irail.be\/vehicle\/S614561"},"platform":"2","platforminfo":{"name":"2","normal":"0"},"canceled":"0","left":"0","isExtra":"0","departureConnection":"http:\/\/irail.be\/connections\/8872009\/20220303\/S614561","occupancy":{"name":"unknown","@id":"http:\/\/api.irail.be\/terms\/unknown"}},{"id":"1","delay":"0","station":"Herstal","stationinfo":{"locationX":"5.622761","locationY":"50.660911","id":"BE.NMBS.008841608","name":"Herstal","@id":"http:\/\/irail.be\/stations\/NMBS\/008841608","standardname":"Herstal"},"time":"1646306340","vehicle":"BE.NMBS.IC3811","vehicleinfo":{"name":"BE.NMBS.IC3811","shortname":"IC3811","number":"3811","type":"IC","@id":"http:\/\/irail.be\/vehicle\/IC3811"},"platform":"7","platforminfo":{"name":"7","normal":"1"},"canceled":"0","left":"0","isExtra":"0","departureConnection":"http:\/\/irail.be\/connections\/8872009\/20220303\/IC3811","occupancy":{"name":"unknown","@id":"http:\/\/api.irail.be\/terms\/unknown"}},{"id":"2","delay":"0","station":"Antwerp-Luchtbal","stationinfo":{"locationX":"4.425029","locationY":"51.244132","id":"BE.NMBS.008821063","name":"Antwerp-Luchtbal","@id":"http:\/\/irail.be\/stations\/NMBS\/008821063","standardname":"Antwerpen-Luchtbal"},"time":"1646306580","vehicle":"BE.NMBS.IC4512","vehicleinfo":{"name":"BE.NMBS.IC4512","shortname":"IC4512","number":"4512","type":"IC","@id":"http:\/\/irail.be\/vehicle\/IC4512"},"platform":"5","platforminfo":{"name":"5","normal":"1"},"canceled":"0","left":"0","isExtra":"0","departureConnection":"http:\/\/irail.be\/connections\/8872009\/20220303\/IC4512","occupancy":{"name":"unknown","@id":"http:\/\/api.irail.be\/terms\/unknown"}},{"id":"3","delay":"0","station":"Brussels Airport - Zaventem","stationinfo":{"locationX":"4.482076","locationY":"50.896456","id":"BE.NMBS.008819406","name":"Brussels Airport - Zaventem","@id":"http:\/\/irail.be\/stations\/NMBS\/008819406","standardname":"Brussels Airport - Zaventem"},"time":"1646307540","vehicle":"BE.NMBS.S194012","vehicleinfo":{"name":"BE.NMBS.S194012","shortname":"S194012","number":"94012","type":"S1","@id":"http:\/\/irail.be\/vehicle\/S194012"},"platform":"4","platforminfo":{"name":"4","normal":"0"},"canceled":"0","left":"0","isExtra":"0","departureConnection":"http:\/\/irail.be\/connections\/8872009\/20220303\/S194012","occupancy":{"name":"unknown","@id":"http:\/\/api.irail.be\/terms\/unknown"}},{"id":"4","delay":"0","station":"Mons","stationinfo":{"locationX":"3.942542","locationY":"50.453854","id":"BE.NMBS.008881000","name":"Mons","@id":"http:\/\/irail.be\/stations\/NMBS\/008881000","standardname":"Mons"},"time":"1646307840","vehicle":"BE.NMBS.IC3833","vehicleinfo":{"name":"BE.NMBS.IC3833","shortname":"IC3833","number":"3833","type":"IC","@id":"http:\/\/irail.be\/vehicle\/IC3833"},"platform":"7","platforminfo":{"name":"7","normal":"0"},"canceled":"0","left":"0","isExtra":"0","departureConnection":"http:\/\/irail.be\/connections\/8872009\/20220303\/IC3833","occupancy":{"name":"unknown","@id":"http:\/\/api.irail.be\/terms\/unknown"}},{"id":"5","delay":"0","station":"Erquelinnes","stationinfo":{"locationX":"4.113562","locationY":"50.304192","id":"BE.NMBS.008871605","name":"Erquelinnes","@id":"http:\/\/irail.be\/stations\/NMBS\/008871605","standardname":"Erquelinnes"},"time":"1646307840","vehicle":"BE.NMBS.S634762","vehicleinfo":{"name":"BE.NMBS.S634762","shortname":"S634762","number":"4762","type":"S63","@id":"http:\/\/irail.be\/vehicle\/S634762"},"platform":"9","platforminfo":{"name":"9","normal":"1"},"canceled":"0","left":"0","isExtra":"0","departureConnection":"http:\/\/irail.be\/connections\/8872009\/20220303\/S634762","occupancy":{"name":"unknown","@id":"http:\/\/api.irail.be\/terms\/unknown"}},{"id":"6","delay":"0","station":"Namur","stationinfo":{"locationX":"4.86222","locationY":"50.468794","id":"BE.NMBS.008863008","name":"Namur","@id":"http:\/\/irail.be\/stations\/NMBS\/008863008","standardname":"Namur"},"time":"1646308200","vehicle":"BE.NMBS.IC911","vehicleinfo":{"name":"BE.NMBS.IC911","shortname":"IC911","number":"911","type":"IC","@id":"http:\/\/irail.be\/vehicle\/IC911"},"platform":"7","platforminfo":{"name":"7","normal":"0"},"canceled":"0","left":"0","isExtra":"0","departureConnection":"http:\/\/irail.be\/connections\/8872009\/20220303\/IC911","occupancy":{"name":"unknown","@id":"http:\/\/api.irail.be\/terms\/unknown"}},{"id":"7","delay":"0","station":"Ottignies","stationinfo":{"locationX":"4.56936","locationY":"50.673667","id":"BE.NMBS.008811601","name":"Ottignies","@id":"http:\/\/irail.be\/stations\/NMBS\/008811601","standardname":"Ottignies"},"time":"1646308200","vehicle":"BE.NMBS.S614583","vehicleinfo":{"name":"BE.NMBS.S614583","shortname":"S614583","number":"4583","type":"S61","@id":"http:\/\/irail.be\/vehicle\/S614583"},"platform":"1","platforminfo":{"name":"1","normal":"1"},"canceled":"0","left":"0","isExtra":"0","departureConnection":"http:\/\/irail.be\/connections\/8872009\/20220303\/S614583","occupancy":{"name":"unknown","@id":"http:\/\/api.irail.be\/terms\/unknown"}},{"id":"8","delay":"0","station":"Essen","stationinfo":{"locationX":"4.451314","locationY":"51.462767","id":"BE.NMBS.008821402","name":"Essen","@id":"http:\/\/irail.be\/stations\/NMBS\/008821402","standardname":"Essen"},"time":"1646308320","vehicle":"BE.NMBS.IC2012","vehicleinfo":{"name":"BE.NMBS.IC2012","shortname":"IC2012","number":"2012","type":"IC","@id":"http:\/\/irail.be\/vehicle\/IC2012"},"platform":"5","platforminfo":{"name":"5","normal":"1"},"canceled":"0","left":"0","isExtra":"0","departureConnection":"http:\/\/irail.be\/connections\/8872009\/20220303\/IC2012","occupancy":{"name":"unknown","@id":"http:\/\/api.irail.be\/terms\/unknown"}},{"id":"9","delay":"0","station":"Luttre","stationinfo":{"locationX":"4.38412","locationY":"50.505856","id":"BE.NMBS.008871308","name":"Luttre","@id":"http:\/\/irail.be\/stations\/NMBS\/008871308","standardname":"Luttre"},"time":"1646308380","vehicle":"BE.NMBS.S624262","vehicleinfo":{"name":"BE.NMBS.S624262","shortname":"S624262","number":"4262","type":"S62","@id":"http:\/\/irail.be\/vehicle\/S624262"},"platform":"6","platforminfo":{"name":"6","normal":"1"},"canceled":"0","left":"0","isExtra":"0","departureConnection":"http:\/\/irail.be\/connections\/8872009\/20220303\/S624262","occupancy":{"name":"unknown","@id":"http:\/\/api.irail.be\/terms\/unknown"}},{"id":"10","delay":"0","station":"Tournai","stationinfo":{"locationX":"3.396942","locationY":"50.613134","id":"BE.NMBS.008885001","name":"Tournai","@id":"http:\/\/irail.be\/stations\/NMBS\/008885001","standardname":"Tournai"},"time":"1646309460","vehicle":"BE.NMBS.IC934","vehicleinfo":{"name":"BE.NMBS.IC934","shortname":"IC934","number":"934","type":"IC","@id":"http:\/\/irail.be\/vehicle\/IC934"},"platform":"7","platforminfo":{"name":"7","normal":"1"},"canceled":"0","left":"0","isExtra":"0","departureConnection":"http:\/\/irail.be\/connections\/8872009\/20220303\/IC934","occupancy":{"name":"unknown","@id":"http:\/\/api.irail.be\/terms\/unknown"}},{"id":"11","delay":"0","station":"Couvin","stationinfo":{"locationX":"4.491702","locationY":"50.056324","id":"BE.NMBS.008875127","name":"Couvin","@id":"http:\/\/irail.be\/stations\/NMBS\/008875127","standardname":"Couvin"},"time":"1646309760","vehicle":"BE.NMBS.S643913","vehicleinfo":{"name":"BE.NMBS.S643913","shortname":"S643913","number":"3913","type":"S64","@id":"http:\/\/irail.be\/vehicle\/S643913"},"platform":"9","platforminfo":{"name":"9","normal":"1"},"canceled":"0","left":"0","isExtra":"0","departureConnection":"http:\/\/irail.be\/connections\/8872009\/20220303\/S643913","occupancy":{"name":"unknown","@id":"http:\/\/api.irail.be\/terms\/unknown"}},{"id":"12","delay":"0","station":"Jambes","stationinfo":{"locationX":"4.876144","locationY":"50.454843","id":"BE.NMBS.008863115","name":"Jambes","@id":"http:\/\/irail.be\/stations\/NMBS\/008863115","standardname":"Jambes"},"time":"1646309760","vehicle":"BE.NMBS.S614562","vehicleinfo":{"name":"BE.NMBS.S614562","shortname":"S614562","number":"4562","type":"S61","@id":"http:\/\/irail.be\/vehicle\/S614562"},"platform":"3","platforminfo":{"name":"3","normal":"1"},"canceled":"0","left":"0","isExtra":"0","departureConnection":"http:\/\/irail.be\/connections\/8872009\/20220303\/S614562","occupancy":{"name":"unknown","@id":"http:\/\/api.irail.be\/terms\/unknown"}},{"id":"13","delay":"60","station":"Herstal","stationinfo":{"locationX":"5.622761","locationY":"50.660911","id":"BE.NMBS.008841608","name":"Herstal","@id":"http:\/\/irail.be\/stations\/NMBS\/008841608","standardname":"Herstal"},"time":"1646309940","vehicle":"BE.NMBS.IC3812","vehicleinfo":{"name":"BE.NMBS.IC3812","shortname":"IC3812","number":"3812","type":"IC","@id":"http:\/\/irail.be\/vehicle\/IC3812"},"platform":"5","platforminfo":{"name":"5","normal":"1"},"canceled":"0","left":"0","isExtra":"0","departureConnection":"http:\/\/irail.be\/connections\/8872009\/20220303\/IC3812","occupancy":{"name":"unknown","@id":"http:\/\/api.irail.be\/terms\/unknown"}},{"id":"14","delay":"0","station":"Antwerp-Luchtbal","stationinfo":{"locationX":"4.425029","locationY":"51.244132","id":"BE.NMBS.008821063","name":"Antwerp-Luchtbal","@id":"http:\/\/irail.be\/stations\/NMBS\/008821063","standardname":"Antwerpen-Luchtbal"},"time":"1646310180","vehicle":"BE.NMBS.IC4513","vehicleinfo":{"name":"BE.NMBS.IC4513","shortname":"IC4513","number":"4513","type":"IC","@id":"http:\/\/irail.be\/vehicle\/IC4513"},"platform":"2","platforminfo":{"name":"2","normal":"1"},"canceled":"0","left":"0","isExtra":"0","departureConnection":"http:\/\/irail.be\/connections\/8872009\/20220303\/IC4513","occupancy":{"name":"unknown","@id":"http:\/\/api.irail.be\/terms\/unknown"}},{"id":"15","delay":"0","station":"Brussels Airport - Zaventem","stationinfo":{"locationX":"4.482076","locationY":"50.896456","id":"BE.NMBS.008819406","name":"Brussels Airport - Zaventem","@id":"http:\/\/irail.be\/stations\/NMBS\/008819406","standardname":"Brussels Airport - Zaventem"},"time":"1646311140","vehicle":"BE.NMBS.S194013","vehicleinfo":{"name":"BE.NMBS.S194013","shortname":"S194013","number":"94013","type":"S1","@id":"http:\/\/irail.be\/vehicle\/S194013"},"platform":"4","platforminfo":{"name":"4","normal":"1"},"canceled":"0","left":"0","isExtra":"0","departureConnection":"http:\/\/irail.be\/connections\/8872009\/20220303\/S194013","occupancy":{"name":"unknown","@id":"http:\/\/api.irail.be\/terms\/unknown"}},{"id":"16","delay":"0","station":"Mons","stationinfo":{"locationX":"3.942542","locationY":"50.453854","id":"BE.NMBS.008881000","name":"Mons","@id":"http:\/\/irail.be\/stations\/NMBS\/008881000","standardname":"Mons"},"time":"1646311440","vehicle":"BE.NMBS.IC3834","vehicleinfo":{"name":"BE.NMBS.IC3834","shortname":"IC3834","number":"3834","type":"IC","@id":"http:\/\/irail.be\/vehicle\/IC3834"},"platform":"7","platforminfo":{"name":"7","normal":"1"},"canceled":"0","left":"0","isExtra":"0","departureConnection":"http:\/\/irail.be\/connections\/8872009\/20220303\/IC3834","occupancy":{"name":"unknown","@id":"http:\/\/api.irail.be\/terms\/unknown"}},{"id":"17","delay":"0","station":"Erquelinnes","stationinfo":{"locationX":"4.113562","locationY":"50.304192","id":"BE.NMBS.008871605","name":"Erquelinnes","@id":"http:\/\/irail.be\/stations\/NMBS\/008871605","standardname":"Erquelinnes"},"time":"1646311440","vehicle":"BE.NMBS.S634763","vehicleinfo":{"name":"BE.NMBS.S634763","shortname":"S634763","number":"4763","type":"S63","@id":"http:\/\/irail.be\/vehicle\/S634763"},"platform":"9","platforminfo":{"name":"9","normal":"1"},"canceled":"0","left":"0","isExtra":"0","departureConnection":"http:\/\/irail.be\/connections\/8872009\/20220303\/S634763","occupancy":{"name":"unknown","@id":"http:\/\/api.irail.be\/terms\/unknown"}},{"id":"18","delay":"0","station":"Namur","stationinfo":{"locationX":"4.86222","locationY":"50.468794","id":"BE.NMBS.008863008","name":"Namur","@id":"http:\/\/irail.be\/stations\/NMBS\/008863008","standardname":"Namur"},"time":"1646311800","vehicle":"BE.NMBS.IC912","vehicleinfo":{"name":"BE.NMBS.IC912","shortname":"IC912","number":"912","type":"IC","@id":"http:\/\/irail.be\/vehicle\/IC912"},"platform":"4","platforminfo":{"name":"4","normal":"1"},"canceled":"0","left":"0","isExtra":"0","departureConnection":"http:\/\/irail.be\/connections\/8872009\/20220303\/IC912","occupancy":{"name":"unknown","@id":"http:\/\/api.irail.be\/terms\/unknown"}},{"id":"19","delay":"0","station":"Ottignies","stationinfo":{"locationX":"4.56936","locationY":"50.673667","id":"BE.NMBS.008811601","name":"Ottignies","@id":"http:\/\/irail.be\/stations\/NMBS\/008811601","standardname":"Ottignies"},"time":"1646311800","vehicle":"BE.NMBS.S614584","vehicleinfo":{"name":"BE.NMBS.S614584","shortname":"S614584","number":"4584","type":"S61","@id":"http:\/\/irail.be\/vehicle\/S614584"},"platform":"3","platforminfo":{"name":"3","normal":"1"},"canceled":"0","left":"0","isExtra":"0","departureConnection":"http:\/\/irail.be\/connections\/8872009\/20220303\/S614584","occupancy":{"name":"unknown","@id":"http:\/\/api.irail.be\/terms\/unknown"}},{"id":"20","delay":"0","station":"Luttre","stationinfo":{"locationX":"4.38412","locationY":"50.505856","id":"BE.NMBS.008871308","name":"Luttre","@id":"http:\/\/irail.be\/stations\/NMBS\/008871308","standardname":"Luttre"},"time":"1646311980","vehicle":"BE.NMBS.S624263","vehicleinfo":{"name":"BE.NMBS.S624263","shortname":"S624263","number":"4263","type":"S62","@id":"http:\/\/irail.be\/vehicle\/S624263"},"platform":"6","platforminfo":{"name":"6","normal":"1"},"canceled":"0","left":"0","isExtra":"0","departureConnection":"http:\/\/irail.be\/connections\/8872009\/20220303\/S624263","occupancy":{"name":"unknown","@id":"http:\/\/api.irail.be\/terms\/unknown"}},{"id":"21","delay":"0","station":"Essen","stationinfo":{"locationX":"4.451314","locationY":"51.462767","id":"BE.NMBS.008821402","name":"Essen","@id":"http:\/\/irail.be\/stations\/NMBS\/008821402","standardname":"Essen"},"time":"1646312040","vehicle":"BE.NMBS.IC2013","vehicleinfo":{"name":"BE.NMBS.IC2013","shortname":"IC2013","number":"2013","type":"IC","@id":"http:\/\/irail.be\/vehicle\/IC2013"},"platform":"5","platforminfo":{"name":"5","normal":"1"},"canceled":"0","left":"0","isExtra":"0","departureConnection":"http:\/\/irail.be\/connections\/8872009\/20220303\/IC2013","occupancy":{"name":"unknown","@id":"http:\/\/api.irail.be\/terms\/unknown"}},{"id":"22","delay":"0","station":"Tournai","stationinfo":{"locationX":"3.396942","locationY":"50.613134","id":"BE.NMBS.008885001","name":"Tournai","@id":"http:\/\/irail.be\/stations\/NMBS\/008885001","standardname":"Tournai"},"time":"1646313060","vehicle":"BE.NMBS.IC935","vehicleinfo":{"name":"BE.NMBS.IC935","shortname":"IC935","number":"935","type":"IC","@id":"http:\/\/irail.be\/vehicle\/IC935"},"platform":"9","platforminfo":{"name":"9","normal":"1"},"canceled":"0","left":"0","isExtra":"0","departureConnection":"http:\/\/irail.be\/connections\/8872009\/20220303\/IC935","occupancy":{"name":"unknown","@id":"http:\/\/api.irail.be\/terms\/unknown"}},{"id":"23","delay":"0","station":"Couvin","stationinfo":{"locationX":"4.491702","locationY":"50.056324","id":"BE.NMBS.008875127","name":"Couvin","@id":"http:\/\/irail.be\/stations\/NMBS\/008875127","standardname":"Couvin"},"time":"1646313360","vehicle":"BE.NMBS.S643914","vehicleinfo":{"name":"BE.NMBS.S643914","shortname":"S643914","number":"3914","type":"S64","@id":"http:\/\/irail.be\/vehicle\/S643914"},"platform":"12","platforminfo":{"name":"12","normal":"1"},"canceled":"0","left":"0","isExtra":"0","departureConnection":"http:\/\/irail.be\/connections\/8872009\/20220303\/S643914","occupancy":{"name":"unknown","@id":"http:\/\/api.irail.be\/terms\/unknown"}},{"id":"24","delay":"0","station":"Jambes","stationinfo":{"locationX":"4.876144","locationY":"50.454843","id":"BE.NMBS.008863115","name":"Jambes","@id":"http:\/\/irail.be\/stations\/NMBS\/008863115","standardname":"Jambes"},"time":"1646313360","vehicle":"BE.NMBS.S614563","vehicleinfo":{"name":"BE.NMBS.S614563","shortname":"S614563","number":"4563","type":"S61","@id":"http:\/\/irail.be\/vehicle\/S614563"},"platform":"3","platforminfo":{"name":"3","normal":"1"},"canceled":"0","left":"0","isExtra":"0","departureConnection":"http:\/\/irail.be\/connections\/8872009\/20220303\/S614563","occupancy":{"name":"unknown","@id":"http:\/\/api.irail.be\/terms\/unknown"}},{"id":"25","delay":"0","station":"Herstal","stationinfo":{"locationX":"5.622761","locationY":"50.660911","id":"BE.NMBS.008841608","name":"Herstal","@id":"http:\/\/irail.be\/stations\/NMBS\/008841608","standardname":"Herstal"},"time":"1646313540","vehicle":"BE.NMBS.IC3813","vehicleinfo":{"name":"BE.NMBS.IC3813","shortname":"IC3813","number":"3813","type":"IC","@id":"http:\/\/irail.be\/vehicle\/IC3813"},"platform":"7","platforminfo":{"name":"7","normal":"1"},"canceled":"0","left":"0","isExtra":"0","departureConnection":"http:\/\/irail.be\/connections\/8872009\/20220303\/IC3813","occupancy":{"name":"unknown","@id":"http:\/\/api.irail.be\/terms\/unknown"}},{"id":"26","delay":"0","station":"Antwerp-Luchtbal","stationinfo":{"locationX":"4.425029","locationY":"51.244132","id":"BE.NMBS.008821063","name":"Antwerp-Luchtbal","@id":"http:\/\/irail.be\/stations\/NMBS\/008821063","standardname":"Antwerpen-Luchtbal"},"time":"1646313780","vehicle":"BE.NMBS.IC4514","vehicleinfo":{"name":"BE.NMBS.IC4514","shortname":"IC4514","number":"4514","type":"IC","@id":"http:\/\/irail.be\/vehicle\/IC4514"},"platform":"4","platforminfo":{"name":"4","normal":"1"},"canceled":"0","left":"0","isExtra":"0","departureConnection":"http:\/\/irail.be\/connections\/8872009\/20220303\/IC4514","occupancy":{"name":"unknown","@id":"http:\/\/api.irail.be\/terms\/unknown"}},{"id":"27","delay":"0","station":"Brussels Airport - Zaventem","stationinfo":{"locationX":"4.482076","locationY":"50.896456","id":"BE.NMBS.008819406","name":"Brussels Airport - Zaventem","@id":"http:\/\/irail.be\/stations\/NMBS\/008819406","standardname":"Brussels Airport - Zaventem"},"time":"1646314740","vehicle":"BE.NMBS.S194014","vehicleinfo":{"name":"BE.NMBS.S194014","shortname":"S194014","number":"94014","type":"S1","@id":"http:\/\/irail.be\/vehicle\/S194014"},"platform":"1","platforminfo":{"name":"1","normal":"1"},"canceled":"0","left":"0","isExtra":"0","departureConnection":"http:\/\/irail.be\/connections\/8872009\/20220303\/S194014","occupancy":{"name":"unknown","@id":"http:\/\/api.irail.be\/terms\/unknown"}},{"id":"28","delay":"0","station":"Mons","stationinfo":{"locationX":"3.942542","locationY":"50.453854","id":"BE.NMBS.008881000","name":"Mons","@id":"http:\/\/irail.be\/stations\/NMBS\/008881000","standardname":"Mons"},"time":"1646315040","vehicle":"BE.NMBS.IC3835","vehicleinfo":{"name":"BE.NMBS.IC3835","shortname":"IC3835","number":"3835","type":"IC","@id":"http:\/\/irail.be\/vehicle\/IC3835"},"platform":"7","platforminfo":{"name":"7","normal":"1"},"canceled":"0","left":"0","isExtra":"0","departureConnection":"http:\/\/irail.be\/connections\/8872009\/20220303\/IC3835","occupancy":{"name":"unknown","@id":"http:\/\/api.irail.be\/terms\/unknown"}},{"id":"29","delay":"0","station":"Erquelinnes","stationinfo":{"locationX":"4.113562","locationY":"50.304192","id":"BE.NMBS.008871605","name":"Erquelinnes","@id":"http:\/\/irail.be\/stations\/NMBS\/008871605","standardname":"Erquelinnes"},"time":"1646315040","vehicle":"BE.NMBS.S634764","vehicleinfo":{"name":"BE.NMBS.S634764","shortname":"S634764","number":"4764","type":"S63","@id":"http:\/\/irail.be\/vehicle\/S634764"},"platform":"9","platforminfo":{"name":"9","normal":"1"},"canceled":"0","left":"0","isExtra":"0","departureConnection":"http:\/\/irail.be\/connections\/8872009\/20220303\/S634764","occupancy":{"name":"unknown","@id":"http:\/\/api.irail.be\/terms\/unknown"}},{"id":"30","delay":"0","station":"Namur","stationinfo":{"locationX":"4.86222","locationY":"50.468794","id":"BE.NMBS.008863008","name":"Namur","@id":"http:\/\/irail.be\/stations\/NMBS\/008863008","standardname":"Namur"},"time":"1646315400","vehicle":"BE.NMBS.IC913","vehicleinfo":{"name":"BE.NMBS.IC913","shortname":"IC913","number":"913","type":"IC","@id":"http:\/\/irail.be\/vehicle\/IC913"},"platform":"5","platforminfo":{"name":"5","normal":"1"},"canceled":"0","left":"0","isExtra":"0","departureConnection":"http:\/\/irail.be\/connections\/8872009\/20220303\/IC913","occupancy":{"name":"unknown","@id":"http:\/\/api.irail.be\/terms\/unknown"}},{"id":"31","delay":"0","station":"Ottignies","stationinfo":{"locationX":"4.56936","locationY":"50.673667","id":"BE.NMBS.008811601","name":"Ottignies","@id":"http:\/\/irail.be\/stations\/NMBS\/008811601","standardname":"Ottignies"},"time":"1646315400","vehicle":"BE.NMBS.S614585","vehicleinfo":{"name":"BE.NMBS.S614585","shortname":"S614585","number":"4585","type":"S61","@id":"http:\/\/irail.be\/vehicle\/S614585"},"platform":"1","platforminfo":{"name":"1","normal":"1"},"canceled":"0","left":"0","isExtra":"0","departureConnection":"http:\/\/irail.be\/connections\/8872009\/20220303\/S614585","occupancy":{"name":"unknown","@id":"http:\/\/api.irail.be\/terms\/unknown"}},{"id":"32","delay":"0","station":"Luttre","stationinfo":{"locationX":"4.38412","locationY":"50.505856","id":"BE.NMBS.008871308","name":"Luttre","@id":"http:\/\/irail.be\/stations\/NMBS\/008871308","standardname":"Luttre"},"time":"1646315580","vehicle":"BE.NMBS.S624264","vehicleinfo":{"name":"BE.NMBS.S624264","shortname":"S624264","number":"4264","type":"S62","@id":"http:\/\/irail.be\/vehicle\/S624264"},"platform":"6","platforminfo":{"name":"6","normal":"1"},"canceled":"0","left":"0","isExtra":"0","departureConnection":"http:\/\/irail.be\/connections\/8872009\/20220303\/S624264","occupancy":{"name":"unknown","@id":"http:\/\/api.irail.be\/terms\/unknown"}},{"id":"33","delay":"0","station":"Essen","stationinfo":{"locationX":"4.451314","locationY":"51.462767","id":"BE.NMBS.008821402","name":"Essen","@id":"http:\/\/irail.be\/stations\/NMBS\/008821402","standardname":"Essen"},"time":"1646315640","vehicle":"BE.NMBS.IC2014","vehicleinfo":{"name":"BE.NMBS.IC2014","shortname":"IC2014","number":"2014","type":"IC","@id":"http:\/\/irail.be\/vehicle\/IC2014"},"platform":"4","platforminfo":{"name":"4","normal":"1"},"canceled":"0","left":"0","isExtra":"0","departureConnection":"http:\/\/irail.be\/connections\/8872009\/20220303\/IC2014","occupancy":{"name":"unknown","@id":"http:\/\/api.irail.be\/terms\/unknown"}},{"id":"34","delay":"0","station":"Tournai","stationinfo":{"locationX":"3.396942","locationY":"50.613134","id":"BE.NMBS.008885001","name":"Tournai","@id":"http:\/\/irail.be\/stations\/NMBS\/008885001","standardname":"Tournai"},"time":"1646316660","vehicle":"BE.NMBS.IC936","vehicleinfo":{"name":"BE.NMBS.IC936","shortname":"IC936","number":"936","type":"IC","@id":"http:\/\/irail.be\/vehicle\/IC936"},"platform":"9","platforminfo":{"name":"9","normal":"1"},"canceled":"0","left":"0","isExtra":"0","departureConnection":"http:\/\/irail.be\/connections\/8872009\/20220303\/IC936","occupancy":{"name":"unknown","@id":"http:\/\/api.irail.be\/terms\/unknown"}},{"id":"35","delay":"0","station":"Jambes","stationinfo":{"locationX":"4.876144","locationY":"50.454843","id":"BE.NMBS.008863115","name":"Jambes","@id":"http:\/\/irail.be\/stations\/NMBS\/008863115","standardname":"Jambes"},"time":"1646316960","vehicle":"BE.NMBS.S614564","vehicleinfo":{"name":"BE.NMBS.S614564","shortname":"S614564","number":"4564","type":"S61","@id":"http:\/\/irail.be\/vehicle\/S614564"},"platform":"3","platforminfo":{"name":"3","normal":"1"},"canceled":"0","left":"0","isExtra":"0","departureConnection":"http:\/\/irail.be\/connections\/8872009\/20220303\/S614564","occupancy":{"name":"unknown","@id":"http:\/\/api.irail.be\/terms\/unknown"}},{"id":"36","delay":"0","station":"Herstal","stationinfo":{"locationX":"5.622761","locationY":"50.660911","id":"BE.NMBS.008841608","name":"Herstal","@id":"http:\/\/irail.be\/stations\/NMBS\/008841608","standardname":"Herstal"},"time":"1646317140","vehicle":"BE.NMBS.IC3814","vehicleinfo":{"name":"BE.NMBS.IC3814","shortname":"IC3814","number":"3814","type":"IC","@id":"http:\/\/irail.be\/vehicle\/IC3814"},"platform":"5","platforminfo":{"name":"5","normal":"1"},"canceled":"0","left":"0","isExtra":"0","departureConnection":"http:\/\/irail.be\/connections\/8872009\/20220303\/IC3814","occupancy":{"name":"unknown","@id":"http:\/\/api.irail.be\/terms\/unknown"}},{"id":"37","delay":"0","station":"Couvin","stationinfo":{"locationX":"4.491702","locationY":"50.056324","id":"BE.NMBS.008875127","name":"Couvin","@id":"http:\/\/irail.be\/stations\/NMBS\/008875127","standardname":"Couvin"},"time":"1646317260","vehicle":"BE.NMBS.S643915","vehicleinfo":{"name":"BE.NMBS.S643915","shortname":"S643915","number":"3915","type":"S64","@id":"http:\/\/irail.be\/vehicle\/S643915"},"platform":"12","platforminfo":{"name":"12","normal":"1"},"canceled":"0","left":"0","isExtra":"0","departureConnection":"http:\/\/irail.be\/connections\/8872009\/20220303\/S643915","occupancy":{"name":"unknown","@id":"http:\/\/api.irail.be\/terms\/unknown"}},{"id":"38","delay":"0","station":"Antwerp-Luchtbal","stationinfo":{"locationX":"4.425029","locationY":"51.244132","id":"BE.NMBS.008821063","name":"Antwerp-Luchtbal","@id":"http:\/\/irail.be\/stations\/NMBS\/008821063","standardname":"Antwerpen-Luchtbal"},"time":"1646317380","vehicle":"BE.NMBS.IC4515","vehicleinfo":{"name":"BE.NMBS.IC4515","shortname":"IC4515","number":"4515","type":"IC","@id":"http:\/\/irail.be\/vehicle\/IC4515"},"platform":"2","platforminfo":{"name":"2","normal":"1"},"canceled":"0","left":"0","isExtra":"0","departureConnection":"http:\/\/irail.be\/connections\/8872009\/20220303\/IC4515","occupancy":{"name":"unknown","@id":"http:\/\/api.irail.be\/terms\/unknown"}},{"id":"39","delay":"0","station":"Brussels Airport - Zaventem","stationinfo":{"locationX":"4.482076","locationY":"50.896456","id":"BE.NMBS.008819406","name":"Brussels Airport - Zaventem","@id":"http:\/\/irail.be\/stations\/NMBS\/008819406","standardname":"Brussels Airport - Zaventem"},"time":"1646318340","vehicle":"BE.NMBS.S194015","vehicleinfo":{"name":"BE.NMBS.S194015","shortname":"S194015","number":"94015","type":"S1","@id":"http:\/\/irail.be\/vehicle\/S194015"},"platform":"4","platforminfo":{"name":"4","normal":"1"},"canceled":"0","left":"0","isExtra":"0","departureConnection":"http:\/\/irail.be\/connections\/8872009\/20220303\/S194015","occupancy":{"name":"unknown","@id":"http:\/\/api.irail.be\/terms\/unknown"}},{"id":"40","delay":"0","station":"Walcourt","stationinfo":{"locationX":"4.435879","locationY":"50.259219","id":"BE.NMBS.008873007","name":"Walcourt","@id":"http:\/\/irail.be\/stations\/NMBS\/008873007","standardname":"Walcourt"},"time":"1646318460","vehicle":"BE.NMBS.P8760","vehicleinfo":{"name":"BE.NMBS.P8760","shortname":"P8760","number":"8760","type":"P","@id":"http:\/\/irail.be\/vehicle\/P8760"},"platform":"9","platforminfo":{"name":"9","normal":"1"},"canceled":"0","left":"0","isExtra":"0","departureConnection":"http:\/\/irail.be\/connections\/8872009\/20220303\/P8760","occupancy":{"name":"unknown","@id":"http:\/\/api.irail.be\/terms\/unknown"}},{"id":"41","delay":"0","station":"Mons","stationinfo":{"locationX":"3.942542","locationY":"50.453854","id":"BE.NMBS.008881000","name":"Mons","@id":"http:\/\/irail.be\/stations\/NMBS\/008881000","standardname":"Mons"},"time":"1646318640","vehicle":"BE.NMBS.IC3836","vehicleinfo":{"name":"BE.NMBS.IC3836","shortname":"IC3836","number":"3836","type":"IC","@id":"http:\/\/irail.be\/vehicle\/IC3836"},"platform":"7","platforminfo":{"name":"7","normal":"1"},"canceled":"0","left":"0","isExtra":"0","departureConnection":"http:\/\/irail.be\/connections\/8872009\/20220303\/IC3836","occupancy":{"name":"unknown","@id":"http:\/\/api.irail.be\/terms\/unknown"}},{"id":"42","delay":"0","station":"Erquelinnes","stationinfo":{"locationX":"4.113562","locationY":"50.304192","id":"BE.NMBS.008871605","name":"Erquelinnes","@id":"http:\/\/irail.be\/stations\/NMBS\/008871605","standardname":"Erquelinnes"},"time":"1646318640","vehicle":"BE.NMBS.S634765","vehicleinfo":{"name":"BE.NMBS.S634765","shortname":"S634765","number":"4765","type":"S63","@id":"http:\/\/irail.be\/vehicle\/S634765"},"platform":"9","platforminfo":{"name":"9","normal":"1"},"canceled":"0","left":"0","isExtra":"0","departureConnection":"http:\/\/irail.be\/connections\/8872009\/20220303\/S634765","occupancy":{"name":"unknown","@id":"http:\/\/api.irail.be\/terms\/unknown"}},{"id":"43","delay":"0","station":"Namur","stationinfo":{"locationX":"4.86222","locationY":"50.468794","id":"BE.NMBS.008863008","name":"Namur","@id":"http:\/\/irail.be\/stations\/NMBS\/008863008","standardname":"Namur"},"time":"1646319000","vehicle":"BE.NMBS.IC914","vehicleinfo":{"name":"BE.NMBS.IC914","shortname":"IC914","number":"914","type":"IC","@id":"http:\/\/irail.be\/vehicle\/IC914"},"platform":"7","platforminfo":{"name":"7","normal":"1"},"canceled":"0","left":"0","isExtra":"0","departureConnection":"http:\/\/irail.be\/connections\/8872009\/20220303\/IC914","occupancy":{"name":"unknown","@id":"http:\/\/api.irail.be\/terms\/unknown"}},{"id":"44","delay":"0","station":"Ottignies","stationinfo":{"locationX":"4.56936","locationY":"50.673667","id":"BE.NMBS.008811601","name":"Ottignies","@id":"http:\/\/irail.be\/stations\/NMBS\/008811601","standardname":"Ottignies"},"time":"1646319000","vehicle":"BE.NMBS.S614586","vehicleinfo":{"name":"BE.NMBS.S614586","shortname":"S614586","number":"4586","type":"S61","@id":"http:\/\/irail.be\/vehicle\/S614586"},"platform":"2","platforminfo":{"name":"2","normal":"1"},"canceled":"0","left":"0","isExtra":"0","departureConnection":"http:\/\/irail.be\/connections\/8872009\/20220303\/S614586","occupancy":{"name":"unknown","@id":"http:\/\/api.irail.be\/terms\/unknown"}},{"id":"45","delay":"0","station":"Essen","stationinfo":{"locationX":"4.451314","locationY":"51.462767","id":"BE.NMBS.008821402","name":"Essen","@id":"http:\/\/irail.be\/stations\/NMBS\/008821402","standardname":"Essen"},"time":"1646319120","vehicle":"BE.NMBS.IC2015","vehicleinfo":{"name":"BE.NMBS.IC2015","shortname":"IC2015","number":"2015","type":"IC","@id":"http:\/\/irail.be\/vehicle\/IC2015"},"platform":"5","platforminfo":{"name":"5","normal":"1"},"canceled":"0","left":"0","isExtra":"0","departureConnection":"http:\/\/irail.be\/connections\/8872009\/20220303\/IC2015","occupancy":{"name":"unknown","@id":"http:\/\/api.irail.be\/terms\/unknown"}},{"id":"46","delay":"0","station":"Luttre","stationinfo":{"locationX":"4.38412","locationY":"50.505856","id":"BE.NMBS.008871308","name":"Luttre","@id":"http:\/\/irail.be\/stations\/NMBS\/008871308","standardname":"Luttre"},"time":"1646319180","vehicle":"BE.NMBS.S624265","vehicleinfo":{"name":"BE.NMBS.S624265","shortname":"S624265","number":"4265","type":"S62","@id":"http:\/\/irail.be\/vehicle\/S624265"},"platform":"6","platforminfo":{"name":"6","normal":"1"},"canceled":"0","left":"0","isExtra":"0","departureConnection":"http:\/\/irail.be\/connections\/8872009\/20220303\/S624265","occupancy":{"name":"unknown","@id":"http:\/\/api.irail.be\/terms\/unknown"}},{"id":"47","delay":"0","station":"Kortrijk","stationinfo":{"locationX":"3.264549","locationY":"50.824506","id":"BE.NMBS.008896008","name":"Kortrijk","@id":"http:\/\/irail.be\/stations\/NMBS\/008896008","standardname":"Kortrijk"},"time":"1646320260","vehicle":"BE.NMBS.IC937","vehicleinfo":{"name":"BE.NMBS.IC937","shortname":"IC937","number":"937","type":"IC","@id":"http:\/\/irail.be\/vehicle\/IC937"},"platform":"9","platforminfo":{"name":"9","normal":"1"},"canceled":"0","left":"0","isExtra":"0","departureConnection":"http:\/\/irail.be\/connections\/8872009\/20220303\/IC937","occupancy":{"name":"unknown","@id":"http:\/\/api.irail.be\/terms\/unknown"}},{"id":"48","delay":"0","station":"Jambes","stationinfo":{"locationX":"4.876144","locationY":"50.454843","id":"BE.NMBS.008863115","name":"Jambes","@id":"http:\/\/irail.be\/stations\/NMBS\/008863115","standardname":"Jambes"},"time":"1646320560","vehicle":"BE.NMBS.S614565","vehicleinfo":{"name":"BE.NMBS.S614565","shortname":"S614565","number":"4565","type":"S61","@id":"http:\/\/irail.be\/vehicle\/S614565"},"platform":"2","platforminfo":{"name":"2","normal":"1"},"canceled":"0","left":"0","isExtra":"0","departureConnection":"http:\/\/irail.be\/connections\/8872009\/20220303\/S614565","occupancy":{"name":"unknown","@id":"http:\/\/api.irail.be\/terms\/unknown"}},{"id":"49","delay":"0","station":"Erquelinnes","stationinfo":{"locationX":"4.113562","locationY":"50.304192","id":"BE.NMBS.008871605","name":"Erquelinnes","@id":"http:\/\/irail.be\/stations\/NMBS\/008871605","standardname":"Erquelinnes"},"time":"1646320560","vehicle":"BE.NMBS.S638750","vehicleinfo":{"name":"BE.NMBS.S638750","shortname":"S638750","number":"8750","type":"S63","@id":"http:\/\/irail.be\/vehicle\/S638750"},"platform":"12","platforminfo":{"name":"12","normal":"1"},"canceled":"0","left":"0","isExtra":"0","departureConnection":"http:\/\/irail.be\/connections\/8872009\/20220303\/S638750","occupancy":{"name":"unknown","@id":"http:\/\/api.irail.be\/terms\/unknown"}}]}}