{"version":"1.1","timestamp":"1646313984","station":"Ghent-Sint-Pieters","stationinfo":{"locationX":"3.710675","locationY":"51.035896","id":"BE.NMBS.008892007","name":"Ghent-Sint-Pieters","@id":"http:\/\/irail.be\/stations\/NMBS\/008892007","standardname":"Gent-Sint-Pieters"},"departures":{"number":"50","departure":[{"id":"0","delay":"1260","station":"Kortrijk","stationinfo":{"locationX":"3.264549","locationY":"50.824506","id":"BE.NMBS.008896008","name":"Kortrijk","@id":"http:\/\/irail.be\/stations\/NMBS\/008896008","standardname":"Kortrijk"},"time":"1646312940","vehicle":"BE.NMBS.IC434","vehicleinfo":{"name":"BE.NMBS.IC434","shortname":"IC434","number":"434","type":"IC","@id":"http:\/\/irail.be\/vehicle\/IC434"},"platform":"11","platforminfo":{"name":"11","normal":"1"},"canceled":"0","left":"0","isExtra":"0","departureConnection":"http:\/\/irail.be\/connections\/8892007\/20220303\/IC434","occupancy":{"name":"unknown","@id":"http:\/\/api.irail.be\/terms\/unknown"}},{"id":"1","delay":"0","station":"Antwerp-Central","stationinfo":{"locationX":"4.421101","locationY":"51.2172","id":"BE.NMBS.008821006","name":"Antwerp-Central","@id":"http:\/\/irail.be\/stations\/NMBS\/008821006","standardname":"Antwerpen-Centraal"},"time":"1646314020","vehicle":"BE.NMBS.IC735","vehicleinfo":{"name":"BE.NMBS.IC735","shortname":"IC735","number":"735","type":"IC","@id":"http:\/\/irail.be\/vehicle\/IC735"},"platform":"3","platforminfo":{"name":"3","normal":"1"},"canceled":"0","left":"0","isExtra":"0","departureConnection":"http:\/\/irail.be\/connections\/8892007\/20220303\/IC735","occupancy":{"name":"unknown","@id":"http:\/\/api.irail.be\/terms\/unknown"}},{"id":"2","delay":"120","station":"Poperinge","stationinfo":{"locationX":"2.736343","locationY":"50.854449","id":"BE.NMBS.008896735","name":"Poperinge","@id":"http:\/\/irail.be\/stations\/NMBS\/008896735","standardname":"Poperinge"},"time":"1646314560","vehicle":"BE.NMBS.IC713","vehicleinfo":{"name":"BE.NMBS.IC713","shortname":"IC713","number":"713","type":"IC","@id":"http:\/\/irail.be\/vehicle\/IC713"},"platform":"8","platforminfo":{"name":"8","normal":"0"},"canceled":"0","left":"0","isExtra":"0","departureConnection":"http:\/\/irail.be\/connections\/8892007\/20220303\/IC713","occupancy":{"name":"unknown","@id":"http:\/\/api.irail.be\/terms\/unknown"}},{"id":"3","delay":"0","station":"Genk","stationinfo":{"locationX":"5.497685","locationY":"50.967057","id":"BE.NMBS.008831765","name":"Genk","@id":"http:\/\/irail.be\/stations\/NMBS\/008831765","standardname":"Genk"},"time":"1646314680","vehicle":"BE.NMBS.IC1513","vehicleinfo":{"name":"BE.NMBS.IC1513","shortname":"IC1513","number":"1513","type":"IC","@id":"http:\/\/irail.be\/vehicle\/IC1513"},"platform":"10","platforminfo":{"name":"10","normal":"1"},"canceled":"0","left":"0","isExtra":"0","departureConnection":"http:\/\/irail.be\/connections\/8892007\/20220303\/IC1513","occupancy":{"name":"unknown","@id":"http:\/\/api.irail.be\/terms\/unknown"}},{"id":"4","delay":"0","station":"Oostende","stationinfo":{"locationX":"2.925809","locationY":"51.228212","id":"BE.NMBS.008891702","name":"Oostende","@id":"http:\/\/irail.be\/stations\/NMBS\/008891702","standardname":"Oostende"},"time":"1646314740","vehicle":"BE.NMBS.IC535","vehicleinfo":{"name":"BE.NMBS.IC535","shortname":"IC535","number":"535","type":"IC","@id":"http:\/\/irail.be\/vehicle\/IC535"},"platform":"12","platforminfo":{"name":"12","normal":"1"},"canceled":"0","left":"0","isExtra":"0","departureConnection":"http:\/\/irail.be\/connections\/8892007\/20220303\/IC535","occupancy":{"name":"unknown","@id":"http:\/\/api.irail.be\/terms\/unknown"}},{"id":"5","delay":"0","station":"Tongeren","stationinfo":{"locationX":"5.47328","locationY":"50.784405","id":"BE.NMBS.008831310","name":"Tongeren","@id":"http:\/\/irail.be\/stations\/NMBS\/008831310","standardname":"Tongeren"},"time":"1646314800","vehicle":"BE.NMBS.IC2214","vehicleinfo":{"name":"BE.NMBS.IC2214","shortname":"IC2214","number":"2214","type":"IC","@id":"http:\/\/irail.be\/vehicle\/IC2214"},"platform":"5","platforminfo":{"name":"5","normal":"0"},"canceled":"0","left":"0","isExtra":"0","departureConnection":"http:\/\/irail.be\/connections\/8892007\/20220303\/IC2214","occupancy":{"name":"unknown","@id":"http:\/\/api.irail.be\/terms\/unknown"}},{"id":"6","delay":"0","station":"Lokeren","stationinfo":{"locationX":"3.987794","locationY":"51.108062","id":"BE.NMBS.008894201","name":"Lokeren","@id":"http:\/\/irail.be\/stations\/NMBS\/008894201","standardname":"Lokeren"},"time":"1646314920","vehicle":"BE.NMBS.S53664","vehicleinfo":{"name":"BE.NMBS.S53664","shortname":"S53664","number":"664","type":"S53","@id":"http:\/\/irail.be\/vehicle\/S53664"},"platform":"2","platforminfo":{"name":"2","normal":"1"},"canceled":"0","left":"0","isExtra":"0","departureConnection":"http:\/\/irail.be\/connections\/8892007\/20220303\/S53664","occupancy":{"name":"unknown","@id":"http:\/\/api.irail.be\/terms\/unknown"}},{"id":"7","delay":"0","station":"Zeebrugge-Dorp","stationinfo":{"locationX":"3.19517","locationY":"51.326383","id":"BE.NMBS.008891553","name":"Zeebrugge-Dorp","@id":"http:\/\/irail.be\/stations\/NMBS\/008891553","standardname":"Zeebrugge-Dorp"},"time":"1646315100","vehicle":"BE.NMBS.L585","vehicleinfo":{"name":"BE.NMBS.L585","shortname":"L585","number":"585","type":"L","@id":"http:\/\/irail.be\/vehicle\/L585"},"platform":"9","platforminfo":{"name":"9","normal":"1"},"canceled":"0","left":"0","isExtra":"0","departureConnection":"http:\/\/irail.be\/connections\/8892007\/20220303\/L585","occupancy":{"name":"unknown","@id":"http:\/\/api.irail.be\/terms\/unknown"}},{"id":"8","delay":"0","station":"Sint-Niklaas","stationinfo":{"locationX":"4.142966","locationY":"51.171472","id":"BE.NMBS.008894508","name":"Sint-Niklaas","@id":"http:\/\/irail.be\/stations\/NMBS\/008894508","standardname":"Sint-Niklaas"},"time":"1646315580","vehicle":"BE.NMBS.IC1814","vehicleinfo":{"name":"BE.NMBS.IC1814","shortname":"IC1814","number":"1814","type":"IC","@id":"http:\/\/irail.be\/vehicle\/IC1814"},"platform":"1","platforminfo":{"name":"1","normal":"1"},"canceled":"0","left":"0","isExtra":"0","departureConnection":"http:\/\/irail.be\/connections\/8892007\/20220303\/IC1814","occupancy":{"name":"unknown","@id":"http:\/\/api.irail.be\/terms\/unknown"}},{"id":"9","delay":"0","station":"De Panne","stationinfo":{"locationX":"2.601963","locationY":"51.0774","id":"BE.NMBS.008892338","name":"De Panne","@id":"http:\/\/irail.be\/stations\/NMBS\/008892338","standardname":"De Panne"},"time":"1646315580","vehicle":"BE.NMBS.IC3013","vehicleinfo":{"name":"BE.NMBS.IC3013","shortname":"IC3013","number":"3013","type":"IC","@id":"http:\/\/irail.be\/vehicle\/IC3013"},"platform":"5","platforminfo":{"name":"5","normal":"1"},"canceled":"0","left":"0","isExtra":"0","departureConnection":"http:\/\/irail.be\/connections\/8892007\/20220303\/IC3013","occupancy":{"name":"unknown","@id":"http:\/\/api.irail.be\/terms\/unknown"}},{"id":"10","delay":"0","station":"Welkenraedt","stationinfo":{"locationX":"5.975381","locationY":"50.659707","id":"BE.NMBS.008844503","name":"Welkenraedt","@id":"http:\/\/irail.be\/stations\/NMBS\/008844503","standardname":"Welkenraedt"},"time":"1646315700","vehicle":"BE.NMBS.IC414","vehicleinfo":{"name":"BE.NMBS.IC414","shortname":"IC414","number":"414","type":"IC","@id":"http:\/\/irail.be\/vehicle\/IC414"},"platform":"9","platforminfo":{"name":"9","normal":"1"},"canceled":"0","left":"0","isExtra":"0","departureConnection":"http:\/\/irail.be\/connections\/8892007\/20220303\/IC414","occupancy":{"name":"unknown","@id":"http:\/\/api.irail.be\/terms\/unknown"}},{"id":"11","delay":"0","station":"Ronse / Renaix","stationinfo":{"locationX":"3.602552","locationY":"50.742506","id":"BE.NMBS.008892908","name":"Ronse \/ Renaix","@id":"http:\/\/irail.be\/stations\/NMBS\/008892908","standardname":"Ronse"},"time":"1646315820","vehicle":"BE.NMBS.S51785","vehicleinfo":{"name":"BE.NMBS.S51785","shortname":"S51785","number":"785","type":"S51","@id":"http:\/\/irail.be\/vehicle\/S51785"},"platform":"4","platforminfo":{"name":"4","normal":"1"},"canceled":"0","left":"0","isExtra":"0","departureConnection":"http:\/\/irail.be\/connections\/8892007\/20220303\/S51785","occupancy":{"name":"unknown","@id":"http:\/\/api.irail.be\/terms\/unknown"}},{"id":"12","delay":"0","station":"Leuven","stationinfo":{"locationX":"4.715866","locationY":"50.88228","id":"BE.NMBS.008833001","name":"Leuven","@id":"http:\/\/irail.be\/stations\/NMBS\/008833001","standardname":"Leuven"},"time":"1646315820","vehicle":"BE.NMBS.IC4114","vehicleinfo":{"name":"BE.NMBS.IC4114","shortname":"IC4114","number":"4114","type":"IC","@id":"http:\/\/irail.be\/vehicle\/IC4114"},"platform":"8","platforminfo":{"name":"8","normal":"1"},"canceled":"0","left":"0","isExtra":"0","departureConnection":"http:\/\/irail.be\/connections\/8892007\/20220303\/IC4114","occupancy":{"name":"unknown","@id":"http:\/\/api.irail.be\/terms\/unknown"}},{"id":"13","delay":"0","station":"Brussels Airport - Zaventem","stationinfo":{"locationX":"4.482076","locationY":"50.896456","id":"BE.NMBS.008819406","name":"Brussels Airport - Zaventem","@id":"http:\/\/irail.be\/stations\/NMBS\/008819406","standardname":"Brussels Airport - Zaventem"},"time":"1646316000","vehicle":"BE.NMBS.IC2814","vehicleinfo":{"name":"BE.NMBS.IC2814","shortname":"IC2814","number":"2814","type":"IC","@id":"http:\/\/irail.be\/vehicle\/IC2814"},"platform":"11","platforminfo":{"name":"11","normal":"1"},"canceled":"0","left":"0","isExtra":"0","departureConnection":"http:\/\/irail.be\/connections\/8892007\/20220303\/IC2814","occupancy":{"name":"unknown","@id":"http:\/\/api.irail.be\/terms\/unknown"}},{"id":"14","delay":"0","station":"Knokke","stationinfo":{"locationX":"3.285188","locationY":"51.339894","id":"BE.NMBS.008891660","name":"Knokke","@id":"http:\/\/irail.be\/stations\/NMBS\/008891660","standardname":"Knokke"},"time":"1646316120","vehicle":"BE.NMBS.IC2835","vehicleinfo":{"name":"BE.NMBS.IC2835","shortname":"IC2835","number":"2835","type":"IC","@id":"http:\/\/irail.be\/vehicle\/IC2835"},"platform":"12","platforminfo":{"name":"12","normal":"1"},"canceled":"0","left":"0","isExtra":"0","departureConnection":"http:\/\/irail.be\/connections\/8892007\/20220303\/IC2835","occupancy":{"name":"unknown","@id":"http:\/\/api.irail.be\/terms\/unknown"}},{"id":"15","delay":"0","station":"Geraardsbergen","stationinfo":{"locationX":"3.872328","locationY":"50.771137","id":"BE.NMBS.008895505","name":"Geraardsbergen","@id":"http:\/\/irail.be\/stations\/NMBS\/008895505","standardname":"Geraardsbergen"},"time":"1646316300","vehicle":"BE.NMBS.S521865","vehicleinfo":{"name":"BE.NMBS.S521865","shortname":"S521865","number":"1865","type":"S52","@id":"http:\/\/irail.be\/vehicle\/S521865"},"platform":"3","platforminfo":{"name":"3","normal":"1"},"canceled":"0","left":"0","isExtra":"0","departureConnection":"http:\/\/irail.be\/connections\/8892007\/20220303\/S521865","occupancy":{"name":"unknown","@id":"http:\/\/api.irail.be\/terms\/unknown"}},{"id":"16","delay":"0","station":"Kortrijk","stationinfo":{"locationX":"3.264549","locationY":"50.824506","id":"BE.NMBS.008896008","name":"Kortrijk","@id":"http:\/\/irail.be\/stations\/NMBS\/008896008","standardname":"Kortrijk"},"time":"1646316540","vehicle":"BE.NMBS.IC435","vehicleinfo":{"name":"BE.NMBS.IC435","shortname":"IC435","number":"435","type":"IC","@id":"http:\/\/irail.be\/vehicle\/IC435"},"platform":"11","platforminfo":{"name":"11","normal":"1"},"canceled":"0","left":"0","isExtra":"0","departureConnection":"http:\/\/irail.be\/connections\/8892007\/20220303\/IC435","occupancy":{"name":"unknown","@id":"http:\/\/api.irail.be\/terms\/unknown"}},{"id":"17","delay":"0","station":"Oostende","stationinfo":{"locationX":"2.925809","locationY":"51.228212","id":"BE.NMBS.008891702","name":"Oostende","@id":"http:\/\/irail.be\/stations\/NMBS\/008891702","standardname":"Oostende"},"time":"1646316600","vehicle":"BE.NMBS.IC1835","vehicleinfo":{"name":"BE.NMBS.IC1835","shortname":"IC1835","number":"1835","type":"IC","@id":"http:\/\/irail.be\/vehicle\/IC1835"},"platform":"8","platforminfo":{"name":"8","normal":"1"},"canceled":"0","left":"0","isExtra":"0","departureConnection":"http:\/\/irail.be\/connections\/8892007\/20220303\/IC1835","occupancy":{"name":"unknown","@id":"http:\/\/api.irail.be\/terms\/unknown"}},{"id":"18","delay":"0","station":"Sint-Niklaas","stationinfo":{"locationX":"4.142966","locationY":"51.171472","id":"BE.NMBS.008894508","name":"Sint-Niklaas","@id":"http:\/\/irail.be\/stations\/NMBS\/008894508","standardname":"Sint-Niklaas"},"time":"1646316660","vehicle":"BE.NMBS.IC3036","vehicleinfo":{"name":"BE.NMBS.IC3036","shortname":"IC3036","number":"3036","type":"IC","@id":"http:\/\/irail.be\/vehicle\/IC3036"},"platform":"2","platforminfo":{"name":"2","normal":"1"},"canceled":"0","left":"0","isExtra":"0","departureConnection":"http:\/\/irail.be\/connections\/8892007\/20220303\/IC3036","occupancy":{"name":"unknown","@id":"http:\/\/api.irail.be\/terms\/unknown"}},{"id":"19","delay":"0","station":"Landen","stationinfo":{"locationX":"5.07966","locationY":"50.747927","id":"BE.NMBS.008833605","name":"Landen","@id":"http:\/\/irail.be\/stations\/NMBS\/008833605","standardname":"Landen"},"time":"1646316720","vehicle":"BE.NMBS.IC3613","vehicleinfo":{"name":"BE.NMBS.IC3613","shortname":"IC3613","number":"3613","type":"IC","@id":"http:\/\/irail.be\/vehicle\/IC3613"},"platform":"10","platforminfo":{"name":"10","normal":"1"},"canceled":"0","left":"0","isExtra":"0","departureConnection":"http:\/\/irail.be\/connections\/8892007\/20220303\/IC3613","occupancy":{"name":"unknown","@id":"http:\/\/api.irail.be\/terms\/unknown"}},{"id":"20","delay":"0","station":"Eeklo","stationinfo":{"locationX":"3.574515","locationY":"51.181333","id":"BE.NMBS.008893708","name":"Eeklo","@id":"http:\/\/irail.be\/stations\/NMBS\/008893708","standardname":"Eeklo"},"time":"1646316900","vehicle":"BE.NMBS.S51764","vehicleinfo":{"name":"BE.NMBS.S51764","shortname":"S51764","number":"764","type":"S51","@id":"http:\/\/irail.be\/vehicle\/S51764"},"platform":"1","platforminfo":{"name":"1","normal":"1"},"canceled":"0","left":"0","isExtra":"0","departureConnection":"http:\/\/irail.be\/connections\/8892007\/20220303\/S51764","occupancy":{"name":"unknown","@id":"http:\/\/api.irail.be\/terms\/unknown"}},{"id":"21","delay":"0","station":"Mechelen","stationinfo":{"locationX":"4.482785","locationY":"51.017648","id":"BE.NMBS.008822004","name":"Mechelen","@id":"http:\/\/irail.be\/stations\/NMBS\/008822004","standardname":"Mechelen"},"time":"1646317260","vehicle":"BE.NMBS.L564","vehicleinfo":{"name":"BE.NMBS.L564","shortname":"L564","number":"564","type":"L","@id":"http:\/\/irail.be\/vehicle\/L564"},"platform":"9","platforminfo":{"name":"9","normal":"1"},"canceled":"0","left":"0","isExtra":"0","departureConnection":"http:\/\/irail.be\/connections\/8892007\/20220303\/L564","occupancy":{"name":"unknown","@id":"http:\/\/api.irail.be\/terms\/unknown"}},{"id":"22","delay":"0","station":"Eupen","stationinfo":{"locationX":"6.03711","locationY":"50.635157","id":"BE.NMBS.008844628","name":"Eupen","@id":"http:\/\/irail.be\/stations\/NMBS\/008844628","standardname":"Eupen"},"time":"1646317380","vehicle":"BE.NMBS.IC514","vehicleinfo":{"name":"BE.NMBS.IC514","shortname":"IC514","number":"514","type":"IC","@id":"http:\/\/irail.be\/vehicle\/IC514"},"platform":"10","platforminfo":{"name":"10","normal":"1"},"canceled":"0","left":"0","isExtra":"0","departureConnection":"http:\/\/irail.be\/connections\/8892007\/20220303\/IC514","occupancy":{"name":"unknown","@id":"http:\/\/api.irail.be\/terms\/unknown"}},{"id":"23","delay":"0","station":"Blankenberge","stationinfo":{"locationX":"3.133864","locationY":"51.312432","id":"BE.NMBS.008891405","name":"Blankenberge","@id":"http:\/\/irail.be\/stations\/NMBS\/008891405","standardname":"Blankenberge"},"time":"1646317500","vehicle":"BE.NMBS.IC1536","vehicleinfo":{"name":"BE.NMBS.IC1536","shortname":"IC1536","number":"1536","type":"IC","@id":"http:\/\/irail.be\/vehicle\/IC1536"},"platform":"12","platforminfo":{"name":"12","normal":"1"},"canceled":"0","left":"0","isExtra":"0","departureConnection":"http:\/\/irail.be\/connections\/8892007\/20220303\/IC1536","occupancy":{"name":"unknown","@id":"http:\/\/api.irail.be\/terms\/unknown"}},{"id":"24","delay":"0","station":"Antwerp-Central","stationinfo":{"locationX":"4.421101","locationY":"51.2172","id":"BE.NMBS.008821006","name":"Antwerp-Central","@id":"http:\/\/irail.be\/stations\/NMBS\/008821006","standardname":"Antwerpen-Centraal"},"time":"1646317620","vehicle":"BE.NMBS.IC736","vehicleinfo":{"name":"BE.NMBS.IC736","shortname":"IC736","number":"736","type":"IC","@id":"http:\/\/irail.be\/vehicle\/IC736"},"platform":"4","platforminfo":{"name":"4","normal":"1"},"canceled":"0","left":"0","isExtra":"0","departureConnection":"http:\/\/irail.be\/connections\/8892007\/20220303\/IC736","occupancy":{"name":"unknown","@id":"http:\/\/api.irail.be\/terms\/unknown"}},{"id":"25","delay":"0","station":"Poperinge","stationinfo":{"locationX":"2.736343","locationY":"50.854449","id":"BE.NMBS.008896735","name":"Poperinge","@id":"http:\/\/irail.be\/stations\/NMBS\/008896735","standardname":"Poperinge"},"time":"1646318160","vehicle":"BE.NMBS.IC714","vehicleinfo":{"name":"BE.NMBS.IC714","shortname":"IC714","number":"714","type":"IC","@id":"http:\/\/irail.be\/vehicle\/IC714"},"platform":"4","platforminfo":{"name":"4","normal":"1"},"canceled":"0","left":"0","isExtra":"0","departureConnection":"http:\/\/irail.be\/connections\/8892007\/20220303\/IC714","occupancy":{"name":"unknown","@id":"http:\/\/api.irail.be\/terms\/unknown"}},{"id":"26","delay":"0","station":"Genk","stationinfo":{"locationX":"5.497685","locationY":"50.967057","id":"BE.NMBS.008831765","name":"Genk","@id":"http:\/\/irail.be\/stations\/NMBS\/008831765","standardname":"Genk"},"time":"1646318280","vehicle":"BE.NMBS.IC1514","vehicleinfo":{"name":"BE.NMBS.IC1514","shortname":"IC1514","number":"1514","type":"IC","@id":"http:\/\/irail.be\/vehicle\/IC1514"},"platform":"10","platforminfo":{"name":"10","normal":"1"},"canceled":"0","left":"0","isExtra":"0","departureConnection":"http:\/\/irail.be\/connections\/8892007\/20220303\/IC1514","occupancy":{"name":"unknown","@id":"http:\/\/api.irail.be\/terms\/unknown"}},{"id":"27","delay":"0","station":"Oostende","stationinfo":{"locationX":"2.925809","locationY":"51.228212","id":"BE.NMBS.008891702","name":"Oostende","@id":"http:\/\/irail.be\/stations\/NMBS\/008891702","standardname":"Oostende"},"time":"1646318340","vehicle":"BE.NMBS.IC536","vehicleinfo":{"name":"BE.NMBS.IC536","shortname":"IC536","number":"536","type":"IC","@id":"http:\/\/irail.be\/vehicle\/IC536"},"platform":"12","platforminfo":{"name":"12","normal":"1"},"canceled":"0","left":"0","isExtra":"0","departureConnection":"http:\/\/irail.be\/connections\/8892007\/20220303\/IC536","occupancy":{"name":"unknown","@id":"http:\/\/api.irail.be\/terms\/unknown"}},{"id":"28","delay":"0","station":"Kortrijk","stationinfo":{"locationX":"3.264549","locationY":"50.824506","id":"BE.NMBS.008896008","name":"Kortrijk","@id":"http:\/\/irail.be\/stations\/NMBS\/008896008","standardname":"Kortrijk"},"time":"1646318400","vehicle":"BE.NMBS.P8997","vehicleinfo":{"name":"BE.NMBS.P8997","shortname":"P8997","number":"8997","type":"P","@id":"http:\/\/irail.be\/vehicle\/P8997"},"platform":"9","platforminfo":{"name":"9","normal":"1"},"canceled":"0","left":"0","isExtra":"0","departureConnection":"http:\/\/irail.be\/connections\/8892007\/20220303\/P8997","occupancy":{"name":"unknown","@id":"http:\/\/api.irail.be\/terms\/unknown"}},{"id":"29","delay":"0","station":"Tongeren","stationinfo":{"locationX":"5.47328","locationY":"50.784405","id":"BE.NMBS.008831310","name":"Tongeren","@id":"http:\/\/irail.be\/stations\/NMBS\/008831310","standardname":"Tongeren"},"time":"1646318460","vehicle":"BE.NMBS.IC2215","vehicleinfo":{"name":"BE.NMBS.IC2215","shortname":"IC2215","number":"2215","type":"IC","@id":"http:\/\/irail.be\/vehicle\/IC2215"},"platform":"8","platforminfo":{"name":"8","normal":"1"},"canceled":"0","left":"0","isExtra":"0","departureConnection":"http:\/\/irail.be\/connections\/8892007\/20220303\/IC2215","occupancy":{"name":"unknown","@id":"http:\/\/api.irail.be\/terms\/unknown"}},{"id":"30","delay":"0","station":"Lokeren","stationinfo":{"locationX":"3.987794","locationY":"51.108062","id":"BE.NMBS.008894201","name":"Lokeren","@id":"http:\/\/irail.be\/stations\/NMBS\/008894201","standardname":"Lokeren"},"time":"1646318520","vehicle":"BE.NMBS.S53665","vehicleinfo":{"name":"BE.NMBS.S53665","shortname":"S53665","number":"665","type":"S53","@id":"http:\/\/irail.be\/vehicle\/S53665"},"platform":"1","platforminfo":{"name":"1","normal":"1"},"canceled":"0","left":"0","isExtra":"0","departureConnection":"http:\/\/irail.be\/connections\/8892007\/20220303\/S53665","occupancy":{"name":"unknown","@id":"http:\/\/api.irail.be\/terms\/unknown"}},{"id":"31","delay":"0","station":"Zeebrugge-Dorp","stationinfo":{"locationX":"3.19517","locationY":"51.326383","id":"BE.NMBS.008891553","name":"Zeebrugge-Dorp","@id":"http:\/\/irail.be\/stations\/NMBS\/008891553","standardname":"Zeebrugge-Dorp"},"time":"1646318700","vehicle":"BE.NMBS.L586","vehicleinfo":{"name":"BE.NMBS.L586","shortname":"L586","number":"586","type":"L","@id":"http:\/\/irail.be\/vehicle\/L586"},"platform":"5","platforminfo":{"name":"5","normal":"1"},"canceled":"0","left":"0","isExtra":"0","departureConnection":"http:\/\/irail.be\/connections\/8892007\/20220303\/L586","occupancy":{"name":"unknown","@id":"http:\/\/api.irail.be\/terms\/unknown"}},{"id":"32","delay":"0","station":"Sint-Niklaas","stationinfo":{"locationX":"4.142966","locationY":"51.171472","id":"BE.NMBS.008894508","name":"Sint-Niklaas","@id":"http:\/\/irail.be\/stations\/NMBS\/008894508","standardname":"Sint-Niklaas"},"time":"1646319180","vehicle":"BE.NMBS.IC1815","vehicleinfo":{"name":"BE.NMBS.IC1815","shortname":"IC1815","number":"1815","type":"IC","@id":"http:\/\/irail.be\/vehicle\/IC1815"},"platform":"1","platforminfo":{"name":"1","normal":"1"},"canceled":"0","left":"0","isExtra":"0","departureConnection":"http:\/\/irail.be\/connections\/8892007\/20220303\/IC1815","occupancy":{"name":"unknown","@id":"http:\/\/api.irail.be\/terms\/unknown"}},{"id":"33","delay":"0","station":"De Panne","stationinfo":{"locationX":"2.601963","locationY":"51.0774","id":"BE.NMBS.008892338","name":"De Panne","@id":"http:\/\/irail.be\/stations\/NMBS\/008892338","standardname":"De Panne"},"time":"1646319180","vehicle":"BE.NMBS.IC3014","vehicleinfo":{"name":"BE.NMBS.IC3014","shortname":"IC3014","number":"3014","type":"IC","@id":"http:\/\/irail.be\/vehicle\/IC3014"},"platform":"8","platforminfo":{"name":"8","normal":"1"},"canceled":"0","left":"0","isExtra":"0","departureConnection":"http:\/\/irail.be\/connections\/8892007\/20220303\/IC3014","occupancy":{"name":"unknown","@id":"http:\/\/api.irail.be\/terms\/unknown"}},{"id":"34","delay":"0","station":"Welkenraedt","stationinfo":{"locationX":"5.975381","locationY":"50.659707","id":"BE.NMBS.008844503","name":"Welkenraedt","@id":"http:\/\/irail.be\/stations\/NMBS\/008844503","standardname":"Welkenraedt"},"time":"1646319300","vehicle":"BE.NMBS.IC415","vehicleinfo":{"name":"BE.NMBS.IC415","shortname":"IC415","number":"415","type":"IC","@id":"http:\/\/irail.be\/vehicle\/IC415"},"platform":"9","platforminfo":{"name":"9","normal":"1"},"canceled":"0","left":"0","isExtra":"0","departureConnection":"http:\/\/irail.be\/connections\/8892007\/20220303\/IC415","occupancy":{"name":"unknown","@id":"http:\/\/api.irail.be\/terms\/unknown"}},{"id":"35","delay":"0","station":"Ronse / Renaix","stationinfo":{"locationX":"3.602552","locationY":"50.742506","id":"BE.NMBS.008892908","name":"Ronse \/ Renaix","@id":"http:\/\/irail.be\/stations\/NMBS\/008892908","standardname":"Ronse"},"time":"1646319420","vehicle":"BE.NMBS.S51786","vehicleinfo":{"name":"BE.NMBS.S51786","shortname":"S51786","number":"786","type":"S51","@id":"http:\/\/irail.be\/vehicle\/S51786"},"platform":"3","platforminfo":{"name":"3","normal":"1"},"canceled":"0","left":"0","isExtra":"0","departureConnection":"http:\/\/irail.be\/connections\/8892007\/20220303\/S51786","occupancy":{"name":"unknown","@id":"http:\/\/api.irail.be\/terms\/unknown"}},{"id":"36","delay":"0","station":"Leuven","stationinfo":{"locationX":"4.715866","locationY":"50.88228","id":"BE.NMBS.008833001","name":"Leuven","@id":"http:\/\/irail.be\/stations\/NMBS\/008833001","standardname":"Leuven"},"time":"1646319420","vehicle":"BE.NMBS.IC4115","vehicleinfo":{"name":"BE.NMBS.IC4115","shortname":"IC4115","number":"4115","type":"IC","@id":"http:\/\/irail.be\/vehicle\/IC4115"},"platform":"4","platforminfo":{"name":"4","normal":"1"},"canceled":"0","left":"0","isExtra":"0","departureConnection":"http:\/\/irail.be\/connections\/8892007\/20220303\/IC4115","occupancy":{"name":"unknown","@id":"http:\/\/api.irail.be\/terms\/unknown"}},{"id":"37","delay":"0","station":"Brussels Airport - Zaventem","stationinfo":{"locationX":"4.482076","locationY":"50.896456","id":"BE.NMBS.008819406","name":"Brussels Airport - Zaventem","@id":"http:\/\/irail.be\/stations\/NMBS\/008819406","standardname":"Brussels Airport - Zaventem"},"time":"1646319600","vehicle":"BE.NMBS.IC2815","vehicleinfo":{"name":"BE.NMBS.IC2815","shortname":"IC2815","number":"2815","type":"IC","@id":"http:\/\/irail.be\/vehicle\/IC2815"},"platform":"11","platforminfo":{"name":"11","normal":"1"},"canceled":"0","left":"0","isExtra":"0","departureConnection":"http:\/\/irail.be\/connections\/8892007\/20220303\/IC2815","occupancy":{"name":"unknown","@id":"http:\/\/api.irail.be\/terms\/unknown"}},{"id":"38","delay":"0","station":"Knokke","stationinfo":{"locationX":"3.285188","locationY":"51.339894","id":"BE.NMBS.008891660","name":"Knokke","@id":"http:\/\/irail.be\/stations\/NMBS\/008891660","standardname":"Knokke"},"time":"1646319720","vehicle":"BE.NMBS.IC2836","vehicleinfo":{"name":"BE.NMBS.IC2836","shortname":"IC2836","number":"2836","type":"IC","@id":"http:\/\/irail.be\/vehicle\/IC2836"},"platform":"12","platforminfo":{"name":"12","normal":"1"},"canceled":"0","left":"0","isExtra":"0","departureConnection":"http:\/\/irail.be\/connections\/8892007\/20220303\/IC2836","occupancy":{"name":"unknown","@id":"http:\/\/api.irail.be\/terms\/unknown"}},{"id":"39","delay":"0","station":"Geraardsbergen","stationinfo":{"locationX":"3.872328","locationY":"50.771137","id":"BE.NMBS.008895505","name":"Geraardsbergen","@id":"http:\/\/irail.be\/stations\/NMBS\/008895505","standardname":"Geraardsbergen"},"time":"1646319900","vehicle":"BE.NMBS.S521866","vehicleinfo":{"name":"BE.NMBS.S521866","shortname":"S521866","number":"1866","type":"S52","@id":"http:\/\/irail.be\/vehicle\/S521866"},"platform":"8","platforminfo":{"name":"8","normal":"1"},"canceled":"0","left":"0","isExtra":"0","departureConnection":"http:\/\/irail.be\/connections\/8892007\/20220303\/S521866","occupancy":{"name":"unknown","@id":"http:\/\/api.irail.be\/terms\/unknown"}},{"id":"40","delay":"0","station":"Kortrijk","stationinfo":{"locationX":"3.264549","locationY":"50.824506","id":"BE.NMBS.008896008","name":"Kortrijk","@id":"http:\/\/irail.be\/stations\/NMBS\/008896008","standardname":"Kortrijk"},"time":"1646320140","vehicle":"BE.NMBS.IC436","vehicleinfo":{"name":"BE.NMBS.IC436","shortname":"IC436","number":"436","type":"IC","@id":"http:\/\/irail.be\/vehicle\/IC436"},"platform":"11","platforminfo":{"name":"11","normal":"1"},"canceled":"0","left":"0","isExtra":"0","departureConnection":"http:\/\/irail.be\/connections\/8892007\/20220303\/IC436","occupancy":{"name":"unknown","@id":"http:\/\/api.irail.be\/terms\/unknown"}},{"id":"41","delay":"0","station":"Oostende","stationinfo":{"locationX":"2.925809","locationY":"51.228212","id":"BE.NMBS.008891702","name":"Oostende","@id":"http:\/\/irail.be\/stations\/NMBS\/008891702","standardname":"Oostende"},"time":"1646320140","vehicle":"BE.NMBS.IC1836","vehicleinfo":{"name":"BE.NMBS.IC1836","shortname":"IC1836","number":"1836","type":"IC","@id":"http:\/\/irail.be\/vehicle\/IC1836"},"platform":"4","platforminfo":{"name":"4","normal":"1"},"canceled":"0","left":"0","isExtra":"0","departureConnection":"http:\/\/irail.be\/connections\/8892007\/20220303\/IC1836","occupancy":{"name":"unknown","@id":"http:\/\/api.irail.be\/terms\/unknown"}},{"id":"42","delay":"0","station":"Sint-Niklaas","stationinfo":{"locationX":"4.142966","locationY":"51.171472","id":"BE.NMBS.008894508","name":"Sint-Niklaas","@id":"http:\/\/irail.be\/stations\/NMBS\/008894508","standardname":"Sint-Niklaas"},"time":"1646320260","vehicle":"BE.NMBS.IC3037","vehicleinfo":{"name":"BE.NMBS.IC3037","shortname":"IC3037","number":"3037","type":"IC","@id":"http:\/\/irail.be\/vehicle\/IC3037"},"platform":"1","platforminfo":{"name":"1","normal":"1"},"canceled":"0","left":"0","isExtra":"0","departureConnection":"http:\/\/irail.be\/connections\/8892007\/20220303\/IC3037","occupancy":{"name":"unknown","@id":"http:\/\/api.irail.be\/terms\/unknown"}},{"id":"43","delay":"0","station":"Landen","stationinfo":{"locationX":"5.07966","locationY":"50.747927","id":"BE.NMBS.008833605","name":"Landen","@id":"http:\/\/irail.be\/stations\/NMBS\/008833605","standardname":"Landen"},"time":"1646320320","vehicle":"BE.NMBS.IC3614","vehicleinfo":{"name":"BE.NMBS.IC3614","shortname":"IC3614","number":"3614","type":"IC","@id":"http:\/\/irail.be\/vehicle\/IC3614"},"platform":"10","platforminfo":{"name":"10","normal":"1"},"canceled":"0","left":"0","isExtra":"0","departureConnection":"http:\/\/irail.be\/connections\/8892007\/20220303\/IC3614","occupancy":{"name":"unknown","@id":"http:\/\/api.irail.be\/terms\/unknown"}},{"id":"44","delay":"0","station":"Brugge","stationinfo":{"locationX":"3.216726","locationY":"51.197226","id":"BE.NMBS.008891009","name":"Brugge","@id":"http:\/\/irail.be\/stations\/NMBS\/008891009","standardname":"Brugge"},"time":"1646320320","vehicle":"BE.NMBS.P8053","vehicleinfo":{"name":"BE.NMBS.P8053","shortname":"P8053","number":"8053","type":"P","@id":"http:\/\/irail.be\/vehicle\/P8053"},"platform":"3","platforminfo":{"name":"3","normal":"1"},"canceled":"0","left":"0","isExtra":"0","departureConnection":"http:\/\/irail.be\/connections\/8892007\/20220303\/P8053","occupancy":{"name":"unknown","@id":"http:\/\/api.irail.be\/terms\/unknown"}},{"id":"45","delay":"0","station":"Eeklo","stationinfo":{"locationX":"3.574515","locationY":"51.181333","id":"BE.NMBS.008893708","name":"Eeklo","@id":"http:\/\/irail.be\/stations\/NMBS\/008893708","standardname":"Eeklo"},"time":"1646320500","vehicle":"BE.NMBS.S51765","vehicleinfo":{"name":"BE.NMBS.S51765","shortname":"S51765","number":"765","type":"S51","@id":"http:\/\/irail.be\/vehicle\/S51765"},"platform":"2","platforminfo":{"name":"2","normal":"1"},"canceled":"0","left":"0","isExtra":"0","departureConnection":"http:\/\/irail.be\/connections\/8892007\/20220303\/S51765","occupancy":{"name":"unknown","@id":"http:\/\/api.irail.be\/terms\/unknown"}},{"id":"46","delay":"0","station":"De Panne","stationinfo":{"locationX":"2.601963","locationY":"51.0774","id":"BE.NMBS.008892338","name":"De Panne","@id":"http:\/\/irail.be\/stations\/NMBS\/008892338","standardname":"De Panne"},"time":"1646320800","vehicle":"BE.NMBS.P8995","vehicleinfo":{"name":"BE.NMBS.P8995","shortname":"P8995","number":"8995","type":"P","@id":"http:\/\/irail.be\/vehicle\/P8995"},"platform":"9","platforminfo":{"name":"9","normal":"1"},"canceled":"0","left":"0","isExtra":"0","departureConnection":"http:\/\/irail.be\/connections\/8892007\/20220303\/P8995","occupancy":{"name":"unknown","@id":"http:\/\/api.irail.be\/terms\/unknown"}},{"id":"47","delay":"0","station":"Mechelen","stationinfo":{"locationX":"4.482785","locationY":"51.017648","id":"BE.NMBS.008822004","name":"Mechelen","@id":"http:\/\/irail.be\/stations\/NMBS\/008822004","standardname":"Mechelen"},"time":"1646320860","vehicle":"BE.NMBS.L565","vehicleinfo":{"name":"BE.NMBS.L565","shortname":"L565","number":"565","type":"L","@id":"http:\/\/irail.be\/vehicle\/L565"},"platform":"1","platforminfo":{"name":"1","normal":"1"},"canceled":"0","left":"0","isExtra":"0","departureConnection":"http:\/\/irail.be\/connections\/8892007\/20220303\/L565","occupancy":{"name":"unknown","@id":"http:\/\/api.irail.be\/terms\/unknown"}},{"id":"48","delay":"0","station":"Eupen","stationinfo":{"locationX":"6.03711","locationY":"50.635157","id":"BE.NMBS.008844628","name":"Eupen","@id":"http:\/\/irail.be\/stations\/NMBS\/008844628","standardname":"Eupen"},"time":"1646320980","vehicle":"BE.NMBS.IC515","vehicleinfo":{"name":"BE.NMBS.IC515","shortname":"IC515","number":"515","type":"IC","@id":"http:\/\/irail.be\/vehicle\/IC515"},"platform":"11","platforminfo":{"name":"11","normal":"1"},"canceled":"0","left":"0","isExtra":"0","departureConnection":"http:\/\/irail.be\/connections\/8892007\/20220303\/IC515","occupancy":{"name":"unknown","@id":"http:\/\/api.irail.be\/terms\/unknown"}},{"id":"49","delay":"0","station":"Blankenberge","stationinfo":{"locationX":"3.133864","locationY":"51.312432","id":"BE.NMBS.008891405","name":"Blankenberge","@id":"http:\/\/irail.be\/stations\/NMBS\/008891405","standardname":"Blankenberge"},"time":"1646321100","vehicle":"BE.NMBS.IC1537","vehicleinfo":{"name":"BE.NMBS.IC1537","shortname":"IC1537","number":"1537","type":"IC","@id":"http:\/\/irail.be\/vehicle\/IC1537"},"platform":"12","platforminfo":{"name":"12","normal":"1"},"canceled":"0","left":"0","isExtra":"0","departureConnection":"http:\/\/irail.be\/connections\/8892007\/20220303\/IC1537","occupancy":{"name":"unknown","@id":"http:\/\/api.irail.be\/terms\/unknown"}}]}}